taxid	species	genus	family	order	class	origin_probe_sequences	tiling_probe_sequences	kmer_filter_removed	eprobe_filter_removed	filtered_probe_retained
9209	Carassius auratus	Carassius	Cyprinidae	Cypriniformes	Actinopterygii	3789	0	42	1236	2511
1221224	Cyprinus rubrofuscus	Cyprinus	Cyprinidae	Cypriniformes	Actinopterygii	3308	3308	0	0	3308
8022	Oncorhynchus mykiss	Oncorhynchus	Salmonidae	Salmoniformes	Actinopterygii	3320	3320	0	0	3320
8030	Salmo salar	Salmo	Salmonidae	Salmoniformes	Actinopterygii	3323	0	618	930	1775
8839	Anas platyrhynchos	Anas	Anatidae	Anseriformes	Aves	3312	3312	0	0	3312
8843	Anser anser	Anser	Anatidae	Anseriformes	Aves	3339	0	323	839	2177
8845	Anser cygnoides	Anser	Anatidae	Anseriformes	Aves	3339	0	259	869	2211
8855	Cairina moschata	Cairina	Anatidae	Anseriformes	Aves	3312	0	158	818	2336
8932	Columba livia	Columba	Columbidae	Columbiformes	Aves	3437	3437	0	0	3437
9103	Meleagris gallopavo	Meleagris	Meleagrididae	Galliformes	Aves	3335	3335	0	0	3335
8996	Numida meleagris	Numida	Numididae	Galliformes	Aves	3347	3347	0	0	3347
93934	Coturnix japonica	Coturnix	Phasianidae	Galliformes	Aves	3331	0	212	1118	2001
9031	Gallus gallus	Gallus	Phasianidae	Galliformes	Aves	3348	3348	0	0	3348
299123	Lonchura striata	Lonchura	Estrildidae	Passeriformes	Aves	3354	3354	0	0	3354
9135	Serinus canaria	Serinus	Fringillidae	Passeriformes	Aves	3351	3351	0	0	3351
7460	Apis mellifera	Apis	Apidae	Hymenoptera	Insecta	3305	3305	0	0	3305
7091	Bombyx mori	Bombyx	Bombycidae	Lepidoptera	Insecta	3120	3120	0	0	3120
9371	Echinops telfairi	Echinops	Tenrecidae	Afrosoricida	Mammalia	3301	3301	0	0	3301
185453	Chrysochloris asiatica	Chrysochloris	Chrysochloridae	Afrotheria	Mammalia	3322	3322	0	0	3322
481707	Eremitalpa granti	Eremitalpa	Chrysochloridae	Afrotheria	Mammalia	3312	0	114	2342	856
9891	Antilocapra americana	Antilocapra	Antilocapridae	Artiodactyla	Mammalia	3262	3262	0	0	3262
27602	Balaena mysticetus	Balaena	Balaenidae	Artiodactyla	Mammalia	3268	3268	0	0	3268
160595	Eubalaena australis	Eubalaena	Balaenidae	Artiodactyla	Mammalia	3267	0	904	1148	1215
302098	Eubalaena japonica	Eubalaena	Balaenidae	Artiodactyla	Mammalia	3268	0	862	1188	1218
9767	Balaenoptera acutorostrata	Balaenoptera	Balaenopteridae	Artiodactyla	Mammalia	3275	3275	0	0	3275
33556	Balaenoptera bonaerensis	Balaenoptera	Balaenopteridae	Artiodactyla	Mammalia	3275	0	266	1598	1411
9768	Balaenoptera borealis	Balaenoptera	Balaenopteridae	Artiodactyla	Mammalia	3272	0	1097	1120	1055
255365	Balaenoptera brydei	Balaenoptera	Balaenopteridae	Artiodactyla	Mammalia	3273	0	388	1566	1319
9769	Balaenoptera edeni	Balaenoptera	Balaenopteridae	Artiodactyla	Mammalia	3273	0	384	1515	1374
9771	Balaenoptera musculus	Balaenoptera	Balaenopteridae	Artiodactyla	Mammalia	3272	0	621	1350	1301
255217	Balaenoptera omurai	Balaenoptera	Balaenopteridae	Artiodactyla	Mammalia	3272	0	275	1576	1421
9770	Balaenoptera physalus	Balaenoptera	Balaenopteridae	Artiodactyla	Mammalia	3271	0	613	1380	1278
9773	Megaptera novaeangliae	Megaptera	Balaenopteridae	Artiodactyla	Mammalia	3271	0	477	1434	1360
9899	Ammotragus lervia	Ammotragus	Bovidae	Artiodactyla	Mammalia	3296	3296	0	0	3296
59525	Antilope cervicapra	Antilope	Bovidae	Artiodactyla	Mammalia	3277	0	223	1777	1277
9901	Bison bison	Bison	Bovidae	Artiodactyla	Mammalia	3255	0	522	1668	1065
9902	Bison bonasus	Bison	Bovidae	Artiodactyla	Mammalia	3256	0	757	1476	1023
268291	Bison priscus	Bison	Bovidae	Artiodactyla	Mammalia	3255	0	994	1353	908
1922215	Bootherium bombifrons	Bootherium	Bovidae	Artiodactyla	Mammalia	3276	0	1725	982	569
30521	Bos grunniens	Bos	Bovidae	Artiodactyla	Mammalia	3256	0	541	1668	1047
9915	Bos indicus	Bos	Bovidae	Artiodactyla	Mammalia	3259	0	474	1650	1135
9909	Bos primigenius	Bos	Bovidae	Artiodactyla	Mammalia	3259	0	704	1450	1105
9913	Bos taurus	Bos	Bovidae	Artiodactyla	Mammalia	3259	0	482	1604	1173
3119969	Bubalus kerabau	Bubalus	Bovidae	Artiodactyla	Mammalia	3263	0	222	1619	1422
9925	Capra hircus	Capra	Bovidae	Artiodactyla	Mammalia	3320	0	1337	1236	747
9966	Capricornis crispus	Capricornis	Bovidae	Artiodactyla	Mammalia	3282	0	241	1776	1265
34866	Capricornis swinhoei	Capricornis	Bovidae	Artiodactyla	Mammalia	3296	0	210	1759	1327
34873	Oreamnos americanus	Oreamnos	Bovidae	Artiodactyla	Mammalia	3312	0	260	1949	1103
37176	Ovibos moschatus	Ovibos	Bovidae	Artiodactyla	Mammalia	3277	0	342	1689	1246
9940	Ovis aries	Ovis	Bovidae	Artiodactyla	Mammalia	3314	0	1592	1048	674
37174	Ovis canadensis	Ovis	Bovidae	Artiodactyla	Mammalia	3284	0	282	1860	1142
59538	Pantholops hodgsonii	Pantholops	Bovidae	Artiodactyla	Mammalia	3291	0	270	1787	1234
34875	Saiga tatarica	Saiga	Bovidae	Artiodactyla	Mammalia	3265	0	223	1945	1097
1656233	Camelops cf. hesternus PDH-2015	Camelops	Camelidae	Artiodactyla	Mammalia	3326	0	221	1579	1526
9837	Camelus bactrianus	Camelus	Camelidae	Artiodactyla	Mammalia	3323	3323	0	0	3323
9838	Camelus dromedarius	Camelus	Camelidae	Artiodactyla	Mammalia	3320	0	1059	1167	1094
419612	Camelus ferus	Camelus	Camelidae	Artiodactyla	Mammalia	3326	0	448	1445	1433
9844	Lama glama	Lama	Camelidae	Artiodactyla	Mammalia	3311	0	235	1711	1365
9840	Lama guanicoe	Lama	Camelidae	Artiodactyla	Mammalia	3321	0	299	1678	1344
30538	Vicugna pacos	Vicugna	Camelidae	Artiodactyla	Mammalia	3322	0	1070	1266	986
9843	Vicugna vicugna	Vicugna	Camelidae	Artiodactyla	Mammalia	3208	0	341	1595	1272
9852	Alces alces	Alces	Cervidae	Artiodactyla	Mammalia	3275	3275	0	0	3275
9860	Cervus elaphus	Cervus	Cervidae	Artiodactyla	Mammalia	3263	0	2602	438	223
84702	Cervus hanglu	Cervus	Cervidae	Artiodactyla	Mammalia	3261	0	445	1834	982
37550	Cervus nippon	Cervus	Cervidae	Artiodactyla	Mammalia	3278	0	2514	492	272
109298	Elaphodus cephalophus	Elaphodus	Cervidae	Artiodactyla	Mammalia	3261	0	1906	884	471
9883	Hydropotes inermis	Hydropotes	Cervidae	Artiodactyla	Mammalia	3262	0	1343	1417	502
71854	Muntiacus crinifrons	Muntiacus	Cervidae	Artiodactyla	Mammalia	3263	0	284	1918	1061
9888	Muntiacus muntjak	Muntiacus	Cervidae	Artiodactyla	Mammalia	3262	0	2652	387	223
9886	Muntiacus reevesi	Muntiacus	Cervidae	Artiodactyla	Mammalia	3262	0	664	1722	876
9872	Odocoileus hemionus	Odocoileus	Cervidae	Artiodactyla	Mammalia	3288	0	267	2102	919
9874	Odocoileus virginianus	Odocoileus	Cervidae	Artiodactyla	Mammalia	3287	0	1401	1276	610
9870	Rangifer tarandus	Rangifer	Cervidae	Artiodactyla	Mammalia	3264	0	1274	1462	528
399782	Rusa unicolor	Rusa	Cervidae	Artiodactyla	Mammalia	3291	0	453	1903	935
103584	Delphinus capensis	Delphinus	Delphinidae	Artiodactyla	Mammalia	3267	0	1294	1238	735
83653	Grampus griseus	Grampus	Delphinidae	Artiodactyla	Mammalia	3268	0	417	1653	1198
27610	Lagenorhynchus albirostris	Lagenorhynchus	Delphinidae	Artiodactyla	Mammalia	3270	0	653	1576	1041
103600	Sousa chinensis	Sousa	Delphinidae	Artiodactyla	Mammalia	3269	0	1028	1349	892
9735	Stenella attenuata	Stenella	Delphinidae	Artiodactyla	Mammalia	3268	3268	0	0	3268
9737	Stenella coeruleoalba	Stenella	Delphinidae	Artiodactyla	Mammalia	3268	0	1353	1195	720
79784	Tursiops aduncus	Tursiops	Delphinidae	Artiodactyla	Mammalia	3267	0	2115	707	445
9739	Tursiops truncatus	Tursiops	Delphinidae	Artiodactyla	Mammalia	3269	0	1977	748	544
9764	Eschrichtius robustus	Eschrichtius	Eschrichtiidae	Artiodactyla	Mammalia	3274	3274	0	0	3274
439323	Giraffa giraffa	Giraffa	Giraffidae	Artiodactyla	Mammalia	3278	3278	0	0	3278
9833	Hippopotamus amphibius	Hippopotamus	Hippopotamidae	Artiodactyla	Mammalia	3273	3273	0	0	3273
9725	Inia geoffrensis	Inia	Iniidae	Artiodactyla	Mammalia	3309	3309	0	0	3309
118797	Lipotes vexillifer	Lipotes	Lipotidae	Artiodactyla	Mammalia	3270	3270	0	0	3270
9749	Delphinapterus leucas	Delphinapterus	Monodontidae	Artiodactyla	Mammalia	3268	0	468	1475	1325
40151	Monodon monoceros	Monodon	Monodontidae	Artiodactyla	Mammalia	3268	0	826	1304	1138
27604	Caperea marginata	Caperea	Neobalaenidae	Artiodactyla	Mammalia	3268	3268	0	0	3268
9742	Phocoena phocoena	Phocoena	Phocoenidae	Artiodactyla	Mammalia	3268	3268	0	0	3268
27615	Kogia breviceps	Kogia	Physeteridae	Artiodactyla	Mammalia	3272	0	155	1323	1794
9755	Physeter catodon	Physeter	Physeteridae	Artiodactyla	Mammalia	3277	3277	0	0	3277
48752	Platanista minor	Platanista	Platanistidae	Artiodactyla	Mammalia	3256	3256	0	0	3256
48723	Pontoporia blainvillei	Pontoporia	Pontoporiidae	Artiodactyla	Mammalia	3310	3310	0	0	3310
41426	Phacochoerus africanus	Phacochoerus	Suidae	Artiodactyla	Mammalia	3335	0	211	1857	1267
9823	Sus scrofa	Sus	Suidae	Artiodactyla	Mammalia	3344	3344	0	0	3344
9829	Dicotyles tajacu	Dicotyles	Tayassuidae	Artiodactyla	Mammalia	3359	3359	0	0	3359
1983451	Platygonus compressus	Platygonus	Tayassuidae	Artiodactyla	Mammalia	3348	0	151	1732	1465
48742	Berardius bairdii	Berardius	Ziphiidae	Artiodactyla	Mammalia	3260	3260	0	0	3260
48744	Hyperoodon ampullatus	Hyperoodon	Ziphiidae	Artiodactyla	Mammalia	3260	0	459	1599	1202
9649	Ailurus fulgens	Ailurus	Ailuridae	Carnivora	Mammalia	3290	3290	0	0	3290
424585	Ailurus styani	Ailurus	Ailuridae	Carnivora	Mammalia	3266	0	106	2119	1041
9614	Canis latrans	Canis	Canidae	Carnivora	Mammalia	3336	0	484	1645	1207
9612	Canis lupus	Canis	Canidae	Carnivora	Mammalia	3336	3336	0	0	3336
68730	Cuon alpinus	Cuon	Canidae	Carnivora	Mammalia	3326	0	141	1967	1218
494514	Vulpes lagopus	Vulpes	Canidae	Carnivora	Mammalia	3322	0	671	1421	1230
9627	Vulpes vulpes	Vulpes	Canidae	Carnivora	Mammalia	3354	0	1168	1194	992
32536	Acinonyx jubatus	Acinonyx	Felidae	Carnivora	Mammalia	3401	0	481	1756	1164
9685	Felis catus	Felis	Felidae	Carnivora	Mammalia	3393	3393	0	0	3393
2048657	Homotherium latidens	Homotherium	Felidae	Carnivora	Mammalia	3085	0	1814	759	512
61383	Lynx canadensis	Lynx	Felidae	Carnivora	Mammalia	3324	0	291	1537	1496
61384	Lynx rufus	Lynx	Felidae	Carnivora	Mammalia	3402	0	308	1585	1509
61452	Neofelis nebulosa	Neofelis	Felidae	Carnivora	Mammalia	3360	0	756	1324	1280
9689	Panthera leo	Panthera	Felidae	Carnivora	Mammalia	3355	0	1118	1165	1072
9690	Panthera onca	Panthera	Felidae	Carnivora	Mammalia	3401	0	1724	960	717
9691	Panthera pardus	Panthera	Felidae	Carnivora	Mammalia	3384	0	2441	527	416
2770979	Panthera spelaea	Panthera	Felidae	Carnivora	Mammalia	3329	0	946	1230	1153
9694	Panthera tigris	Panthera	Felidae	Carnivora	Mammalia	3388	0	791	1306	1291
29064	Panthera uncia	Panthera	Felidae	Carnivora	Mammalia	3346	0	1108	1190	1048
9696	Puma concolor	Puma	Felidae	Carnivora	Mammalia	3422	0	887	1451	1084
339609	Smilodon populator	Smilodon	Felidae	Carnivora	Mammalia	3083	0	208	1854	1021
140016	Urva javanica	Urva	Herpestidae	Carnivora	Mammalia	3344	3344	0	0	3344
30548	Mephitis mephitis	Mephitis	Mephitidae	Carnivora	Mammalia	3299	3299	0	0	3299
30552	Spilogale putorius	Spilogale	Mephitidae	Carnivora	Mammalia	3311	0	3083	133	95
34882	Enhydra lutris	Enhydra	Mustelidae	Carnivora	Mammalia	3277	0	186	1618	1473
48420	Gulo gulo	Gulo	Mustelidae	Carnivora	Mammalia	3299	0	411	1484	1404
9657	Lutra lutra	Lutra	Mustelidae	Carnivora	Mammalia	3298	3298	0	0	3298
9660	Martes americana	Martes	Mustelidae	Carnivora	Mammalia	3294	0	817	1122	1355
74864	Martes flavigula	Martes	Mustelidae	Carnivora	Mammalia	3301	0	402	1498	1401
36721	Martes melampus	Martes	Mustelidae	Carnivora	Mammalia	3291	0	289	1342	1660
36722	Martes zibellina	Martes	Mustelidae	Carnivora	Mammalia	3296	0	1464	897	935
191034	Meles anakuma	Meles	Mustelidae	Carnivora	Mammalia	3290	0	203	1841	1246
9662	Meles meles	Meles	Mustelidae	Carnivora	Mammalia	3280	0	663	1574	1043
36723	Mustela erminea	Mustela	Mustelidae	Carnivora	Mammalia	3285	0	1007	1291	987
77151	Mustela nigripes	Mustela	Mustelidae	Carnivora	Mammalia	3302	0	254	1731	1317
36239	Mustela nivalis	Mustela	Mustelidae	Carnivora	Mammalia	3294	0	286	1701	1307
452646	Neogale vison	Neogale	Mustelidae	Carnivora	Mammalia	3302	0	906	1491	905
76720	Pekania pennanti	Pekania	Mustelidae	Carnivora	Mammalia	3249	0	330	1384	1535
30554	Taxidea taxus	Taxidea	Mustelidae	Carnivora	Mammalia	3275	0	162	1752	1361
62698	Odobenus rosmarus	Odobenus	Odobenidae	Carnivora	Mammalia	3303	3303	0	0	3303
29084	Arctocephalus forsteri	Arctocephalus	Otariidae	Carnivora	Mammalia	3074	0	2091	485	498
37191	Arctocephalus pusillus	Arctocephalus	Otariidae	Carnivora	Mammalia	3322	0	389	1495	1438
161921	Arctocephalus townsendi	Arctocephalus	Otariidae	Carnivora	Mammalia	3305	0	347	1477	1481
34884	Callorhinus ursinus	Callorhinus	Otariidae	Carnivora	Mammalia	3325	0	1021	1273	1031
34886	Eumetopias jubatus	Eumetopias	Otariidae	Carnivora	Mammalia	3319	0	905	1252	1162
161930	Neophoca cinerea	Neophoca	Otariidae	Carnivora	Mammalia	3338	0	508	1478	1352
34888	Phocarctos hookeri	Phocarctos	Otariidae	Carnivora	Mammalia	3336	0	568	1330	1438
9704	Zalophus californianus	Zalophus	Otariidae	Carnivora	Mammalia	3327	3327	0	0	3327
39293	Cystophora cristata	Cystophora	Phocidae	Carnivora	Mammalia	3382	0	395	1556	1431
39304	Erignathus barbatus	Erignathus	Phocidae	Carnivora	Mammalia	3331	0	312	1646	1373
9711	Halichoerus grypus	Halichoerus	Phocidae	Carnivora	Mammalia	3351	3351	0	0	3351
29086	Hydrurga leptonyx	Hydrurga	Phocidae	Carnivora	Mammalia	3312	0	612	1493	1207
9713	Leptonychotes weddellii	Leptonychotes	Phocidae	Carnivora	Mammalia	3312	0	756	1389	1167
101849	Lobodon carcinophaga	Lobodon	Phocidae	Carnivora	Mammalia	3343	0	416	1715	1212
9715	Mirounga leonina	Mirounga	Phocidae	Carnivora	Mammalia	3384	0	290	1945	1149
29088	Neomonachus schauinslandi	Neomonachus	Phocidae	Carnivora	Mammalia	3342	0	248	1814	1280
39088	Phoca fasciata	Phoca	Phocidae	Carnivora	Mammalia	3330	0	395	1582	1353
39089	Phoca groenlandica	Phoca	Phocidae	Carnivora	Mammalia	3301	0	328	1577	1396
39090	Phoca largha	Phoca	Phocidae	Carnivora	Mammalia	3331	0	1557	855	919
9720	Phoca vitulina	Phoca	Phocidae	Carnivora	Mammalia	3356	0	870	1240	1246
693431	Pusa caspica	Pusa	Phocidae	Carnivora	Mammalia	3339	0	989	1095	1255
9718	Pusa hispida	Pusa	Phocidae	Carnivora	Mammalia	3342	0	2090	604	648
9719	Pusa sibirica	Pusa	Phocidae	Carnivora	Mammalia	3346	0	1093	1073	1180
9654	Procyon lotor	Procyon	Procyonidae	Carnivora	Mammalia	3316	3316	0	0	3316
9646	Ailuropoda melanoleuca	Ailuropoda	Ursidae	Carnivora	Mammalia	3351	0	568	1845	938
551196	Arctodus simus	Arctodus	Ursidae	Carnivora	Mammalia	3342	0	357	1682	1303
1825730	Arctotherium sp.	Arctotherium	Ursidae	Carnivora	Mammalia	3298	0	235	1613	1450
9634	Helarctos malayanus	Helarctos	Ursidae	Carnivora	Mammalia	3348	3348	0	0	3348
9636	Melursus ursinus	Melursus	Ursidae	Carnivora	Mammalia	3355	0	813	1164	1378
9638	Tremarctos ornatus	Tremarctos	Ursidae	Carnivora	Mammalia	3344	0	247	1529	1568
9643	Ursus americanus	Ursus	Ursidae	Carnivora	Mammalia	3359	0	2536	466	357
9644	Ursus arctos	Ursus	Ursidae	Carnivora	Mammalia	3394	0	1513	1012	869
29073	Ursus maritimus	Ursus	Ursidae	Carnivora	Mammalia	3395	0	497	1494	1404
39097	Ursus spelaeus	Ursus	Ursidae	Carnivora	Mammalia	3346	0	1756	884	706
9642	Ursus thibetanus	Ursus	Ursidae	Carnivora	Mammalia	3398	0	1761	831	806
94961	Mystacina tuberculata	Mystacina	Mystacinidae	Chiroptera	Mammalia	3348	3348	0	0	3348
9417	Artibeus jamaicensis	Artibeus	Phyllostomidae	Chiroptera	Mammalia	3321	3321	0	0	3321
126282	Pteropus dasymallus	Pteropus	Pteropodidae	Chiroptera	Mammalia	3331	0	116	1569	1646
94117	Pteropus scapulatus	Pteropus	Pteropodidae	Chiroptera	Mammalia	3339	0	142	1629	1568
9407	Rousettus aegyptiacus	Rousettus	Pteropodidae	Chiroptera	Mammalia	3332	3332	0	0	3332
472238	Rhinolophus formosae	Rhinolophus	Rhinolophidae	Chiroptera	Mammalia	3373	0	102	1636	1635
169756	Rhinolophus monoceros	Rhinolophus	Rhinolophidae	Chiroptera	Mammalia	3361	0	80	1417	1864
159859	Rhinolophus pumilus	Rhinolophus	Rhinolophidae	Chiroptera	Mammalia	3365	3365	0	0	3365
143942	Chalinolobus tuberculatus	Chalinolobus	Vespertilionidae	Chiroptera	Mammalia	3355	0	96	2149	1110
105295	Pipistrellus abramus	Pipistrellus	Vespertilionidae	Chiroptera	Mammalia	3386	3386	0	0	3386
1849957	Doedicurus sp.	Doedicurus	Chlamyphoridae	Cingulata	Mammalia	3178	3178	0	0	3178
9361	Dasypus novemcinctus	Dasypus	Dasypodidae	Cingulata	Mammalia	3402	3402	0	0	3402
55782	Myrmecobius fasciatus	Myrmecobius	Myrmecobiidae	Dasyuromorphia	Mammalia	3354	3354	0	0	3354
9275	Thylacinus cynocephalus	Thylacinus	Thylacinidae	Dasyuromorphia	Mammalia	3473	3473	0	0	3473
482537	Galeopterus variegatus	Galeopterus	Cynocephalidae	Dermoptera	Mammalia	3341	3341	0	0	3341
9321	Osphranter rufus	Osphranter	Macropodidae	Diprotodontia	Mammalia	3394	3394	0	0	3394
34899	Petaurus breviceps	Petaurus	Petauridae	Diprotodontia	Mammalia	3212	3212	0	0	3212
38626	Phascolarctos cinereus	Phascolarctos	Phascolarctidae	Diprotodontia	Mammalia	3263	3263	0	0	3263
9333	Pseudocheirus peregrinus	Pseudocheirus	Pseudocheiridae	Diprotodontia	Mammalia	3196	3196	0	0	3196
38632	Tarsipes rostratus	Tarsipes	Tarsipedidae	Diprotodontia	Mammalia	3140	3140	0	0	3140
162630	Echinosorex gymnura	Echinosorex	Erinaceidae	Eulipotyphla	Mammalia	3409	0	94	2698	617
9365	Erinaceus europaeus	Erinaceus	Erinaceidae	Eulipotyphla	Mammalia	3481	3481	0	0	3481
217708	Hemiechinus auritus	Hemiechinus	Erinaceidae	Eulipotyphla	Mammalia	3448	0	106	2829	513
48897	Hylomys suillus	Hylomys	Erinaceidae	Eulipotyphla	Mammalia	3062	0	19	2380	663
36802	Crocidura russula	Crocidura	Soricidae	Eulipotyphla	Mammalia	3432	3432	0	0	3432
150090	Episoriculus fumidus	Episoriculus	Soricidae	Eulipotyphla	Mammalia	3489	0	187	2351	951
42254	Sorex araneus	Sorex	Soricidae	Eulipotyphla	Mammalia	3369	0	136	2092	1141
62288	Sorex roboratus	Sorex	Soricidae	Eulipotyphla	Mammalia	3422	0	131	2254	1037
62287	Sorex tundrensis	Sorex	Soricidae	Eulipotyphla	Mammalia	3480	0	138	2155	1187
62275	Sorex unguiculatus	Sorex	Soricidae	Eulipotyphla	Mammalia	3411	0	140	1991	1280
202257	Galemys pyrenaicus	Galemys	Talpidae	Eulipotyphla	Mammalia	3292	0	111	2245	936
62295	Mogera wogura	Mogera	Talpidae	Eulipotyphla	Mammalia	3354	0	176	2282	896
9375	Talpa europaea	Talpa	Talpidae	Eulipotyphla	Mammalia	3368	3368	0	0	3368
106106	Urotrichus talpoides	Urotrichus	Talpidae	Eulipotyphla	Mammalia	3372	0	211	2198	963
42325	Dendrohyrax dorsalis	Dendrohyrax	Procaviidae	Hyracoidea	Mammalia	3308	0	3123	101	84
9813	Procavia capensis	Procavia	Procaviidae	Hyracoidea	Mammalia	3340	3340	0	0	3340
48086	Lepus americanus	Lepus	Leporidae	Lagomorpha	Mammalia	3400	0	74	1980	1346
62618	Lepus arcticus	Lepus	Leporidae	Lagomorpha	Mammalia	3413	0	70	2089	1254
9983	Lepus europaeus	Lepus	Leporidae	Lagomorpha	Mammalia	3538	3538	0	0	3538
9986	Oryctolagus cuniculus	Oryctolagus	Leporidae	Lagomorpha	Mammalia	3439	0	124	1801	1514
134600	Ochotona collaris	Ochotona	Ochotonidae	Lagomorpha	Mammalia	3385	0	82	1360	1943
130825	Ochotona curzoniae	Ochotona	Ochotonidae	Lagomorpha	Mammalia	3417	0	65	1476	1876
9978	Ochotona princeps	Ochotona	Ochotonidae	Lagomorpha	Mammalia	3287	3287	0	0	3287
1970152	Macrauchenia sp. MW-2017	Macrauchenia	Macraucheniidae	Litopterna	Mammalia	3347	3347	0	0	3347
213657	Elephantulus sp. VB001	Elephantulus	Macroscelididae	Macroscelidea	Mammalia	3327	0	56	1858	1413
29082	Macroscelides proboscideus	Macroscelides	Macroscelididae	Macroscelidea	Mammalia	3319	3319	0	0	3319
9256	Ornithorhynchus anatinus	Ornithorhynchus	Ornithorhynchidae	Monotremata	Mammalia	3395	3395	0	0	3395
9261	Tachyglossus aculeatus	Tachyglossus	Tachyglossidae	Monotremata	Mammalia	3262	3262	0	0	3262
9793	Equus asinus	Equus	Equidae	Perissodactyla	Mammalia	3324	3324	0	0	3324
9796	Equus caballus	Equus	Equidae	Perissodactyla	Mammalia	3322	0	586	1311	1425
1225531	Equus ovodovi	Equus	Equidae	Perissodactyla	Mammalia	3273	0	268	1327	1678
9798	Equus przewalskii	Equus	Equidae	Perissodactyla	Mammalia	3310	0	656	1242	1412
216182	Hippidion saldiasi	Hippidion	Equidae	Perissodactyla	Mammalia	3319	0	191	1541	1587
9807	Ceratotherium simum	Ceratotherium	Rhinocerotidae	Perissodactyla	Mammalia	3358	0	341	1544	1473
222863	Coelodonta antiquitatis	Coelodonta	Rhinocerotidae	Perissodactyla	Mammalia	3278	0	235	1660	1383
89632	Dicerorhinus sumatrensis	Dicerorhinus	Rhinocerotidae	Perissodactyla	Mammalia	3284	0	574	1325	1385
9805	Diceros bicornis	Diceros	Rhinocerotidae	Perissodactyla	Mammalia	3273	3273	0	0	3273
102233	Rhinoceros sondaicus	Rhinoceros	Rhinocerotidae	Perissodactyla	Mammalia	3275	0	327	1612	1336
9809	Rhinoceros unicornis	Rhinoceros	Rhinocerotidae	Perissodactyla	Mammalia	3357	0	289	1740	1328
9802	Tapirus indicus	Tapirus	Tapiridae	Perissodactyla	Mammalia	3335	0	120	2058	1157
9801	Tapirus terrestris	Tapirus	Tapiridae	Perissodactyla	Mammalia	3346	3346	0	0	3346
9974	Manis javanica	Manis	Manidae	Pholidota	Mammalia	3305	0	1193	882	1230
143292	Manis pentadactyla	Manis	Manidae	Pholidota	Mammalia	3304	0	2658	335	311
73815	Phataginus tetradactyla	Phataginus	Manidae	Pholidota	Mammalia	3305	0	3225	41	39
9355	Bradypus variegatus	Bradypus	Bradypodidae	Pilosa	Mammalia	3319	3319	0	0	3319
27675	Choloepus didactylus	Choloepus	Megalonychidae	Pilosa	Mammalia	3300	3300	0	0	3300
136416	Nothrotheriops shastensis	Nothrotheriops	Megatheriidae	Pilosa	Mammalia	3081	3081	0	0	3081
48784	Mylodon darwinii	Mylodon	Mylodontidae	Pilosa	Mammalia	3280	3280	0	0	3280
71006	Myrmecophaga tridactyla	Myrmecophaga	Myrmecophagidae	Pilosa	Mammalia	3291	0	77	1926	1288
48850	Tamandua tetradactyla	Tamandua	Myrmecophagidae	Pilosa	Mammalia	3269	3269	0	0	3269
9514	Cebus albifrons	Cebus	Cebidae	Primates	Mammalia	3302	3302	0	0	3302
9534	Chlorocebus aethiops	Chlorocebus	Cercopithecidae	Primates	Mammalia	3269	3269	0	0	3269
60710	Chlorocebus pygerythrus	Chlorocebus	Cercopithecidae	Primates	Mammalia	3260	0	2453	335	472
60711	Chlorocebus sabaeus	Chlorocebus	Cercopithecidae	Primates	Mammalia	3300	0	578	1192	1530
60712	Chlorocebus tantalus	Chlorocebus	Cercopithecidae	Primates	Mammalia	3265	0	1331	821	1113
33548	Colobus guereza	Colobus	Cercopithecidae	Primates	Mammalia	3321	0	89	1759	1473
9541	Macaca fascicularis	Macaca	Cercopithecidae	Primates	Mammalia	3305	0	2640	281	384
9544	Macaca mulatta	Macaca	Cercopithecidae	Primates	Mammalia	3303	0	832	1000	1471
9546	Macaca sylvanus	Macaca	Cercopithecidae	Primates	Mammalia	3308	0	218	1312	1778
54602	Macaca thibetana	Macaca	Cercopithecidae	Primates	Mammalia	3298	0	200	1272	1826
43780	Nasalis larvatus	Nasalis	Cercopithecidae	Primates	Mammalia	3304	0	581	1647	1076
9557	Papio hamadryas	Papio	Cercopithecidae	Primates	Mammalia	3295	0	991	922	1382
164648	Piliocolobus badius	Piliocolobus	Cercopithecidae	Primates	Mammalia	3309	0	119	1937	1253
78451	Presbytis melalophos	Presbytis	Cercopithecidae	Primates	Mammalia	3300	0	3172	41	87
54133	Pygathrix nemaeus	Pygathrix	Cercopithecidae	Primates	Mammalia	3085	0	115	1826	1144
61622	Rhinopithecus roxellana	Rhinopithecus	Cercopithecidae	Primates	Mammalia	3301	0	393	1837	1071
88029	Semnopithecus entellus	Semnopithecus	Cercopithecidae	Primates	Mammalia	3298	0	95	1898	1305
54181	Trachypithecus obscurus	Trachypithecus	Cercopithecidae	Primates	Mammalia	3302	0	132	1920	1250
31869	Daubentonia madagascariensis	Daubentonia	Daubentoniidae	Primates	Mammalia	3314	3314	0	0	3314
9593	Gorilla gorilla	Gorilla	Hominidae	Primates	Mammalia	3264	0	690	1058	1516
9606	Homo sapiens	Homo	Hominidae	Primates	Mammalia	3305	0	1630	645	1030
9597	Pan paniscus	Pan	Hominidae	Primates	Mammalia	3304	0	1245	879	1180
9598	Pan troglodytes	Pan	Hominidae	Primates	Mammalia	3302	0	887	999	1416
9601	Pongo abelii	Pongo	Hominidae	Primates	Mammalia	3291	0	53	1082	2156
9600	Pongo pygmaeus	Pongo	Hominidae	Primates	Mammalia	3269	0	42	1020	2207
9580	Hylobates lar	Hylobates	Hylobatidae	Primates	Mammalia	3286	3286	0	0	3286
379532	Propithecus coquereli	Propithecus	Indriidae	Primates	Mammalia	3412	3412	0	0	3412
34828	Eulemur mongoz	Eulemur	Lemuridae	Primates	Mammalia	3328	0	88	1962	1278
9447	Lemur catta	Lemur	Lemuridae	Primates	Mammalia	3408	3408	0	0	3408
9470	Nycticebus coucang	Nycticebus	Lorisidae	Primates	Mammalia	3344	3344	0	0	3344
9477	Cephalopachus bancanus	Cephalopachus	Tarsiidae	Primates	Mammalia	3377	3377	0	0	3377
9783	Elephas maximus	Elephas	Elephantidae	Proboscidea	Mammalia	3372	3372	0	0	3372
9785	Loxodonta africana	Loxodonta	Elephantidae	Proboscidea	Mammalia	3364	0	2912	290	162
39053	Mammut americanum	Mammut	Elephantidae	Proboscidea	Mammalia	3285	0	621	1663	1001
1027716	Mammuthus columbi	Mammuthus	Elephantidae	Proboscidea	Mammalia	3283	0	631	1686	966
37349	Mammuthus primigenius	Mammuthus	Elephantidae	Proboscidea	Mammalia	3344	0	856	1576	912
359030	Anomalurus sp. GP-2005	Anomalurus	Anomaluridae	Rodentia	Mammalia	3376	3376	0	0	3376
51338	Castor canadensis	Castor	Castoridae	Rodentia	Mammalia	3345	0	112	1537	1696
10185	Castor fiber	Castor	Castoridae	Rodentia	Mammalia	3394	0	198	1632	1564
10141	Cavia porcellus	Cavia	Caviidae	Rodentia	Mammalia	3351	3351	0	0	3351
100899	Alexandromys kikuchii	Alexandromys	Cricetidae	Rodentia	Mammalia	3254	0	128	1493	1633
10029	Cricetulus griseus	Cricetulus	Cricetidae	Rodentia	Mammalia	3248	3248	0	0	3248
85953	Dicrostonyx groenlandicus	Dicrostonyx	Cricetidae	Rodentia	Mammalia	3259	0	1136	1143	980
85952	Dicrostonyx torquatus	Dicrostonyx	Cricetidae	Rodentia	Mammalia	3258	0	1220	1097	941
537919	Microtus rossiaemeridionalis	Microtus	Cricetidae	Rodentia	Mammalia	3248	0	128	1711	1409
10041	Peromyscus leucopus	Peromyscus	Cricetidae	Rodentia	Mammalia	3256	0	1611	1109	536
51337	Jaculus jaculus	Jaculus	Dipodidae	Rodentia	Mammalia	3300	3300	0	0	3300
41261	Glis glis	Glis	Gliridae	Rodentia	Mammalia	3312	3312	0	0	3312
10090	Mus musculus	Mus	Muridae	Rodentia	Mammalia	3250	0	2371	584	295
254704	Mus terricolor	Mus	Muridae	Rodentia	Mammalia	3252	0	78	2249	925
34854	Rattus exulans	Rattus	Muridae	Rodentia	Mammalia	3253	0	978	1445	830
10116	Rattus norvegicus	Rattus	Muridae	Rodentia	Mammalia	3254	0	626	1618	1010
349711	Rattus praetor	Rattus	Muridae	Rodentia	Mammalia	3250	0	54	1947	1249
10117	Rattus rattus	Rattus	Muridae	Rodentia	Mammalia	3251	0	94	2059	1098
35732	Rattus tanezumi	Rattus	Muridae	Rodentia	Mammalia	3252	0	1445	1209	598
55149	Sciurus vulgaris	Sciurus	Sciuridae	Rodentia	Mammalia	3293	3293	0	0	3293
30637	Nannospalax ehrenbergi	Nannospalax	Spalacidae	Rodentia	Mammalia	3273	3273	0	0	3273
10169	Thryonomys swinderianus	Thryonomys	Thryonomyidae	Rodentia	Mammalia	3316	3316	0	0	3316
37347	Tupaia belangeri	Tupaia	Tupaiidae	Scandentia	Mammalia	3342	3342	0	0	3342
29137	Dugong dugon	Dugong	Dugongidae	Sirenia	Mammalia	3360	3360	0	0	3360
9778	Trichechus manatus	Trichechus	Trichechidae	Sirenia	Mammalia	3368	3368	0	0	3368
9818	Orycteropus afer	Orycteropus	Orycteropodidae	Tubulidentata	Mammalia	3354	3354	0	0	3354
