accession	taxid	species	genus	family	order	class	is_representative	used_for_probe_tiling
KR215630.1	9209	Carassius auratus	Carassius	Cyprinidae	Cypriniformes	Actinopterygii	FALSE	FALSE
LC715365.1	9209	Carassius auratus	Carassius	Cyprinidae	Cypriniformes	Actinopterygii	FALSE	FALSE
NC_027267.1	9209	Carassius auratus	Carassius	Cyprinidae	Cypriniformes	Actinopterygii	TRUE	FALSE
MW969691.1	1221224	Cyprinus rubrofuscus	Cyprinus	Cyprinidae	Cypriniformes	Actinopterygii	TRUE	TRUE
NC_001717.1	8022	Oncorhynchus mykiss	Oncorhynchus	Salmonidae	Salmoniformes	Actinopterygii	TRUE	TRUE
OP588112.1	8022	Oncorhynchus mykiss	Oncorhynchus	Salmonidae	Salmoniformes	Actinopterygii	FALSE	FALSE
OP588113.1	8022	Oncorhynchus mykiss	Oncorhynchus	Salmonidae	Salmoniformes	Actinopterygii	FALSE	FALSE
OP588114.1	8022	Oncorhynchus mykiss	Oncorhynchus	Salmonidae	Salmoniformes	Actinopterygii	FALSE	FALSE
OP588115.1	8022	Oncorhynchus mykiss	Oncorhynchus	Salmonidae	Salmoniformes	Actinopterygii	FALSE	FALSE
NC_001960.1	8030	Salmo salar	Salmo	Salmonidae	Salmoniformes	Actinopterygii	TRUE	FALSE
PQ284200.1	8030	Salmo salar	Salmo	Salmonidae	Salmoniformes	Actinopterygii	FALSE	FALSE
PQ284201.1	8030	Salmo salar	Salmo	Salmonidae	Salmoniformes	Actinopterygii	FALSE	FALSE
PQ284207.1	8030	Salmo salar	Salmo	Salmonidae	Salmoniformes	Actinopterygii	FALSE	FALSE
PQ284208.1	8030	Salmo salar	Salmo	Salmonidae	Salmoniformes	Actinopterygii	FALSE	FALSE
NC_009684.1	8839	Anas platyrhynchos	Anas	Anatidae	Anseriformes	Aves	TRUE	TRUE
OR242806.1	8839	Anas platyrhynchos	Anas	Anatidae	Anseriformes	Aves	FALSE	FALSE
OR242807.1	8839	Anas platyrhynchos	Anas	Anatidae	Anseriformes	Aves	FALSE	FALSE
PP546505.1	8839	Anas platyrhynchos	Anas	Anatidae	Anseriformes	Aves	FALSE	FALSE
PP929788.1	8839	Anas platyrhynchos	Anas	Anatidae	Anseriformes	Aves	FALSE	FALSE
EU932689.1	8843	Anser anser	Anser	Anatidae	Anseriformes	Aves	FALSE	FALSE
MK133021.1	8843	Anser anser	Anser	Anatidae	Anseriformes	Aves	FALSE	FALSE
MN122908.1	8843	Anser anser	Anser	Anatidae	Anseriformes	Aves	FALSE	FALSE
NC_011196.1	8843	Anser anser	Anser	Anatidae	Anseriformes	Aves	TRUE	FALSE
OQ134125.1	8843	Anser anser	Anser	Anatidae	Anseriformes	Aves	FALSE	FALSE
MZ427898.1	8845	Anser cygnoides	Anser	Anatidae	Anseriformes	Aves	FALSE	FALSE
MZ955453.1	8845	Anser cygnoides	Anser	Anatidae	Anseriformes	Aves	FALSE	FALSE
MZ962672.1	8845	Anser cygnoides	Anser	Anatidae	Anseriformes	Aves	FALSE	FALSE
NC_023832.1	8845	Anser cygnoides	Anser	Anatidae	Anseriformes	Aves	TRUE	FALSE
PQ154620.1	8845	Anser cygnoides	Anser	Anatidae	Anseriformes	Aves	FALSE	FALSE
EU755254.1	8855	Cairina moschata	Cairina	Anatidae	Anseriformes	Aves	FALSE	FALSE
MN356432.1	8855	Cairina moschata	Cairina	Anatidae	Anseriformes	Aves	FALSE	FALSE
NC_010965.1	8855	Cairina moschata	Cairina	Anatidae	Anseriformes	Aves	TRUE	FALSE
GQ240309.1	8932	Columba livia	Columba	Columbidae	Columbiformes	Aves	FALSE	FALSE
GU908131.1	8932	Columba livia	Columba	Columbidae	Columbiformes	Aves	FALSE	FALSE
MW487992.1	8932	Columba livia	Columba	Columbidae	Columbiformes	Aves	FALSE	FALSE
NC_013978.1	8932	Columba livia	Columba	Columbidae	Columbiformes	Aves	TRUE	TRUE
OR120383.1	8932	Columba livia	Columba	Columbidae	Columbiformes	Aves	FALSE	FALSE
NC_010195.2	9103	Meleagris gallopavo	Meleagris	Meleagrididae	Galliformes	Aves	TRUE	TRUE
PP840323.1	9103	Meleagris gallopavo	Meleagris	Meleagrididae	Galliformes	Aves	FALSE	FALSE
PP840324.1	9103	Meleagris gallopavo	Meleagris	Meleagrididae	Galliformes	Aves	FALSE	FALSE
PP840325.1	9103	Meleagris gallopavo	Meleagris	Meleagrididae	Galliformes	Aves	FALSE	FALSE
PP840326.1	9103	Meleagris gallopavo	Meleagris	Meleagrididae	Galliformes	Aves	FALSE	FALSE
AP005595.1	8996	Numida meleagris	Numida	Numididae	Galliformes	Aves	FALSE	FALSE
KP218504.1	8996	Numida meleagris	Numida	Numididae	Galliformes	Aves	FALSE	FALSE
KY865420.1	8996	Numida meleagris	Numida	Numididae	Galliformes	Aves	FALSE	FALSE
MN356448.1	8996	Numida meleagris	Numida	Numididae	Galliformes	Aves	FALSE	FALSE
NC_034374.1	8996	Numida meleagris	Numida	Numididae	Galliformes	Aves	TRUE	TRUE
AP003195.2	93934	Coturnix japonica	Coturnix	Phasianidae	Galliformes	Aves	FALSE	FALSE
KX712089.1	93934	Coturnix japonica	Coturnix	Phasianidae	Galliformes	Aves	FALSE	FALSE
MW574361.1	93934	Coturnix japonica	Coturnix	Phasianidae	Galliformes	Aves	FALSE	FALSE
NC_003408.1	93934	Coturnix japonica	Coturnix	Phasianidae	Galliformes	Aves	TRUE	FALSE
PP209356.1	93934	Coturnix japonica	Coturnix	Phasianidae	Galliformes	Aves	FALSE	FALSE
NC_040902.1	9031	Gallus gallus	Gallus	Phasianidae	Galliformes	Aves	TRUE	TRUE
OR643716.1	9031	Gallus gallus	Gallus	Phasianidae	Galliformes	Aves	FALSE	FALSE
OR834460.1	9031	Gallus gallus	Gallus	Phasianidae	Galliformes	Aves	FALSE	FALSE
OR834461.1	9031	Gallus gallus	Gallus	Phasianidae	Galliformes	Aves	FALSE	FALSE
OR834462.1	9031	Gallus gallus	Gallus	Phasianidae	Galliformes	Aves	FALSE	FALSE
KR080134.1	299123	Lonchura striata	Lonchura	Estrildidae	Passeriformes	Aves	FALSE	FALSE
NC_029475.1	299123	Lonchura striata	Lonchura	Estrildidae	Passeriformes	Aves	TRUE	TRUE
KM078794.1	9135	Serinus canaria	Serinus	Fringillidae	Passeriformes	Aves	FALSE	FALSE
NC_037521.1	9135	Serinus canaria	Serinus	Fringillidae	Passeriformes	Aves	TRUE	TRUE
NC_001566.1	7460	Apis mellifera	Apis	Apidae	Hymenoptera	Insecta	FALSE	FALSE
NC_035883.1	7460	Apis mellifera	Apis	Apidae	Hymenoptera	Insecta	TRUE	TRUE
NC_051932.1	7460	Apis mellifera	Apis	Apidae	Hymenoptera	Insecta	FALSE	FALSE
NC_061380.1	7460	Apis mellifera	Apis	Apidae	Hymenoptera	Insecta	FALSE	FALSE
PP994689.1	7460	Apis mellifera	Apis	Apidae	Hymenoptera	Insecta	FALSE	FALSE
MW551562.1	7091	Bombyx mori	Bombyx	Bombycidae	Lepidoptera	Insecta	FALSE	FALSE
NC_002355.1	7091	Bombyx mori	Bombyx	Bombycidae	Lepidoptera	Insecta	TRUE	TRUE
PQ329531.1	7091	Bombyx mori	Bombyx	Bombycidae	Lepidoptera	Insecta	FALSE	FALSE
PQ329532.1	7091	Bombyx mori	Bombyx	Bombycidae	Lepidoptera	Insecta	FALSE	FALSE
PQ329533.1	7091	Bombyx mori	Bombyx	Bombycidae	Lepidoptera	Insecta	FALSE	FALSE
AB099484.1	9371	Echinops telfairi	Echinops	Tenrecidae	Afrosoricida	Mammalia	FALSE	FALSE
NC_002631	9371	Echinops telfairi	Echinops	Tenrecidae	Afrosoricida	Mammalia	TRUE	TRUE
AB096866.1	185453	Chrysochloris asiatica	Chrysochloris	Chrysochloridae	Afrotheria	Mammalia	FALSE	FALSE
NC_004920	185453	Chrysochloris asiatica	Chrysochloris	Chrysochloridae	Afrotheria	Mammalia	TRUE	TRUE
NC_010304	481707	Eremitalpa granti	Eremitalpa	Chrysochloridae	Afrotheria	Mammalia	TRUE	FALSE
JN632597.1	9891	Antilocapra americana	Antilocapra	Antilocapridae	Artiodactyla	Mammalia	FALSE	FALSE
NC_020679	9891	Antilocapra americana	Antilocapra	Antilocapridae	Artiodactyla	Mammalia	TRUE	TRUE
MZ618257.1	27602	Balaena mysticetus	Balaena	Balaenidae	Artiodactyla	Mammalia	FALSE	FALSE
MZ618258.1	27602	Balaena mysticetus	Balaena	Balaenidae	Artiodactyla	Mammalia	FALSE	FALSE
MZ618259.1	27602	Balaena mysticetus	Balaena	Balaenidae	Artiodactyla	Mammalia	FALSE	FALSE
MZ618260.1	27602	Balaena mysticetus	Balaena	Balaenidae	Artiodactyla	Mammalia	FALSE	FALSE
NC_005268	27602	Balaena mysticetus	Balaena	Balaenidae	Artiodactyla	Mammalia	TRUE	TRUE
NC_006930	160595	Eubalaena australis	Eubalaena	Balaenidae	Artiodactyla	Mammalia	TRUE	FALSE
OP205177.1	160595	Eubalaena australis	Eubalaena	Balaenidae	Artiodactyla	Mammalia	FALSE	FALSE
OP205178.1	160595	Eubalaena australis	Eubalaena	Balaenidae	Artiodactyla	Mammalia	FALSE	FALSE
OP205179.1	160595	Eubalaena australis	Eubalaena	Balaenidae	Artiodactyla	Mammalia	FALSE	FALSE
OP205180.1	160595	Eubalaena australis	Eubalaena	Balaenidae	Artiodactyla	Mammalia	FALSE	FALSE
NC_006931	302098	Eubalaena japonica	Eubalaena	Balaenidae	Artiodactyla	Mammalia	TRUE	FALSE
OP205215.1	302098	Eubalaena japonica	Eubalaena	Balaenidae	Artiodactyla	Mammalia	FALSE	FALSE
OP205216.1	302098	Eubalaena japonica	Eubalaena	Balaenidae	Artiodactyla	Mammalia	FALSE	FALSE
OP205217.1	302098	Eubalaena japonica	Eubalaena	Balaenidae	Artiodactyla	Mammalia	FALSE	FALSE
OP205218.1	302098	Eubalaena japonica	Eubalaena	Balaenidae	Artiodactyla	Mammalia	FALSE	FALSE
AP006468.1	9767	Balaenoptera acutorostrata	Balaenoptera	Balaenopteridae	Artiodactyla	Mammalia	FALSE	FALSE
NC_005271	9767	Balaenoptera acutorostrata	Balaenoptera	Balaenopteridae	Artiodactyla	Mammalia	TRUE	TRUE
AP006466.1	33556	Balaenoptera bonaerensis	Balaenoptera	Balaenopteridae	Artiodactyla	Mammalia	FALSE	FALSE
NC_006926	33556	Balaenoptera bonaerensis	Balaenoptera	Balaenopteridae	Artiodactyla	Mammalia	TRUE	FALSE
AP006470.1	9768	Balaenoptera borealis	Balaenoptera	Balaenopteridae	Artiodactyla	Mammalia	FALSE	FALSE
MF409248.1	9768	Balaenoptera borealis	Balaenoptera	Balaenopteridae	Artiodactyla	Mammalia	FALSE	FALSE
MF409249.1	9768	Balaenoptera borealis	Balaenoptera	Balaenopteridae	Artiodactyla	Mammalia	FALSE	FALSE
NC_006929	9768	Balaenoptera borealis	Balaenoptera	Balaenopteridae	Artiodactyla	Mammalia	TRUE	FALSE
AB201259.1	255365	Balaenoptera brydei	Balaenoptera	Balaenopteridae	Artiodactyla	Mammalia	FALSE	FALSE
AP006469.1	255365	Balaenoptera brydei	Balaenoptera	Balaenopteridae	Artiodactyla	Mammalia	FALSE	FALSE
NC_006928	255365	Balaenoptera brydei	Balaenoptera	Balaenopteridae	Artiodactyla	Mammalia	TRUE	FALSE
AB201258.1	9769	Balaenoptera edeni	Balaenoptera	Balaenopteridae	Artiodactyla	Mammalia	FALSE	FALSE
NC_007938	9769	Balaenoptera edeni	Balaenoptera	Balaenopteridae	Artiodactyla	Mammalia	TRUE	FALSE
NC_001601	9771	Balaenoptera musculus	Balaenoptera	Balaenopteridae	Artiodactyla	Mammalia	TRUE	FALSE
ON257906.1	9771	Balaenoptera musculus	Balaenoptera	Balaenopteridae	Artiodactyla	Mammalia	FALSE	FALSE
ON257907.1	9771	Balaenoptera musculus	Balaenoptera	Balaenopteridae	Artiodactyla	Mammalia	FALSE	FALSE
ON257908.1	9771	Balaenoptera musculus	Balaenoptera	Balaenopteridae	Artiodactyla	Mammalia	FALSE	FALSE
ON257910.1	9771	Balaenoptera musculus	Balaenoptera	Balaenopteridae	Artiodactyla	Mammalia	FALSE	FALSE
AB201256.1	255217	Balaenoptera omurai	Balaenoptera	Balaenopteridae	Artiodactyla	Mammalia	FALSE	FALSE
AB201257.1	255217	Balaenoptera omurai	Balaenoptera	Balaenopteridae	Artiodactyla	Mammalia	FALSE	FALSE
NC_007937	255217	Balaenoptera omurai	Balaenoptera	Balaenopteridae	Artiodactyla	Mammalia	TRUE	FALSE
KC572859.1	9770	Balaenoptera physalus	Balaenoptera	Balaenopteridae	Artiodactyla	Mammalia	FALSE	FALSE
KC572860.1	9770	Balaenoptera physalus	Balaenoptera	Balaenopteridae	Artiodactyla	Mammalia	FALSE	FALSE
MF409243.1	9770	Balaenoptera physalus	Balaenoptera	Balaenopteridae	Artiodactyla	Mammalia	FALSE	FALSE
MT410921.1	9770	Balaenoptera physalus	Balaenoptera	Balaenopteridae	Artiodactyla	Mammalia	FALSE	FALSE
NC_001321	9770	Balaenoptera physalus	Balaenoptera	Balaenopteridae	Artiodactyla	Mammalia	TRUE	FALSE
AP006467.1	9773	Megaptera novaeangliae	Megaptera	Balaenopteridae	Artiodactyla	Mammalia	FALSE	FALSE
MF409246.1	9773	Megaptera novaeangliae	Megaptera	Balaenopteridae	Artiodactyla	Mammalia	FALSE	FALSE
NC_006927	9773	Megaptera novaeangliae	Megaptera	Balaenopteridae	Artiodactyla	Mammalia	TRUE	FALSE
PP475430.1	9773	Megaptera novaeangliae	Megaptera	Balaenopteridae	Artiodactyla	Mammalia	FALSE	FALSE
EF466060.1	9899	Ammotragus lervia	Ammotragus	Bovidae	Artiodactyla	Mammalia	FALSE	FALSE
FJ207522.1	9899	Ammotragus lervia	Ammotragus	Bovidae	Artiodactyla	Mammalia	FALSE	FALSE
NC_009510	9899	Ammotragus lervia	Ammotragus	Bovidae	Artiodactyla	Mammalia	TRUE	TRUE
AP003422.1	59525	Antilope cervicapra	Antilope	Bovidae	Artiodactyla	Mammalia	FALSE	FALSE
JN632598.1	59525	Antilope cervicapra	Antilope	Bovidae	Artiodactyla	Mammalia	FALSE	FALSE
NC_012098	59525	Antilope cervicapra	Antilope	Bovidae	Artiodactyla	Mammalia	TRUE	FALSE
EU177871.1	9901	Bison bison	Bison	Bovidae	Artiodactyla	Mammalia	FALSE	FALSE
GU947005.1	9901	Bison bison	Bison	Bovidae	Artiodactyla	Mammalia	FALSE	FALSE
GU947006.1	9901	Bison bison	Bison	Bovidae	Artiodactyla	Mammalia	FALSE	FALSE
JN632601.1	9901	Bison bison	Bison	Bovidae	Artiodactyla	Mammalia	FALSE	FALSE
NC_012346	9901	Bison bison	Bison	Bovidae	Artiodactyla	Mammalia	TRUE	FALSE
KX553930.1	9902	Bison bonasus	Bison	Bovidae	Artiodactyla	Mammalia	FALSE	FALSE
KX553931.1	9902	Bison bonasus	Bison	Bovidae	Artiodactyla	Mammalia	FALSE	FALSE
KX553933.1	9902	Bison bonasus	Bison	Bovidae	Artiodactyla	Mammalia	FALSE	FALSE
KX553934.1	9902	Bison bonasus	Bison	Bovidae	Artiodactyla	Mammalia	FALSE	FALSE
NC_014044.1	9902	Bison bonasus	Bison	Bovidae	Artiodactyla	Mammalia	TRUE	FALSE
MN049913.1	268291	Bison priscus	Bison	Bovidae	Artiodactyla	Mammalia	FALSE	FALSE
MN549280.1	268291	Bison priscus	Bison	Bovidae	Artiodactyla	Mammalia	FALSE	FALSE
NC_027233.1	268291	Bison priscus	Bison	Bovidae	Artiodactyla	Mammalia	TRUE	FALSE
OL741537.1	268291	Bison priscus	Bison	Bovidae	Artiodactyla	Mammalia	FALSE	FALSE
OL741538.1	268291	Bison priscus	Bison	Bovidae	Artiodactyla	Mammalia	FALSE	FALSE
KX982584.1	1922215	Bootherium bombifrons	Bootherium	Bovidae	Artiodactyla	Mammalia	FALSE	FALSE
MH706732.1	1922215	Bootherium bombifrons	Bootherium	Bovidae	Artiodactyla	Mammalia	FALSE	FALSE
MH706736.1	1922215	Bootherium bombifrons	Bootherium	Bovidae	Artiodactyla	Mammalia	FALSE	FALSE
NC_032352	1922215	Bootherium bombifrons	Bootherium	Bovidae	Artiodactyla	Mammalia	FALSE	FALSE
NC_044933.1	1922215	Bootherium bombifrons	Bootherium	Bovidae	Artiodactyla	Mammalia	TRUE	FALSE
NC_006380	30521	Bos grunniens	Bos	Bovidae	Artiodactyla	Mammalia	TRUE	FALSE
OR086003.1	30521	Bos grunniens	Bos	Bovidae	Artiodactyla	Mammalia	FALSE	FALSE
OR086004.1	30521	Bos grunniens	Bos	Bovidae	Artiodactyla	Mammalia	FALSE	FALSE
OR086005.1	30521	Bos grunniens	Bos	Bovidae	Artiodactyla	Mammalia	FALSE	FALSE
OR086006.1	30521	Bos grunniens	Bos	Bovidae	Artiodactyla	Mammalia	FALSE	FALSE
NC_005971	9915	Bos indicus	Bos	Bovidae	Artiodactyla	Mammalia	TRUE	FALSE
OQ736776.1	9915	Bos indicus	Bos	Bovidae	Artiodactyla	Mammalia	FALSE	FALSE
OR639848.1	9915	Bos indicus	Bos	Bovidae	Artiodactyla	Mammalia	FALSE	FALSE
PP737533.1	9915	Bos indicus	Bos	Bovidae	Artiodactyla	Mammalia	FALSE	FALSE
PP737534.1	9915	Bos indicus	Bos	Bovidae	Artiodactyla	Mammalia	FALSE	FALSE
NC_013996.1	9909	Bos primigenius	Bos	Bovidae	Artiodactyla	Mammalia	TRUE	FALSE
OQ160842.1	9909	Bos primigenius	Bos	Bovidae	Artiodactyla	Mammalia	FALSE	FALSE
OQ160844.1	9909	Bos primigenius	Bos	Bovidae	Artiodactyla	Mammalia	FALSE	FALSE
OQ160845.1	9909	Bos primigenius	Bos	Bovidae	Artiodactyla	Mammalia	FALSE	FALSE
OQ160855.1	9909	Bos primigenius	Bos	Bovidae	Artiodactyla	Mammalia	FALSE	FALSE
NC_006853	9913	Bos taurus	Bos	Bovidae	Artiodactyla	Mammalia	TRUE	FALSE
OQ924182.2	9913	Bos taurus	Bos	Bovidae	Artiodactyla	Mammalia	FALSE	FALSE
OQ924188.2	9913	Bos taurus	Bos	Bovidae	Artiodactyla	Mammalia	FALSE	FALSE
PP780079.1	9913	Bos taurus	Bos	Bovidae	Artiodactyla	Mammalia	FALSE	FALSE
PQ152950.1	9913	Bos taurus	Bos	Bovidae	Artiodactyla	Mammalia	FALSE	FALSE
AY702618.1	3119969	Bubalus kerabau	Bubalus	Bovidae	Artiodactyla	Mammalia	FALSE	FALSE
NC_006295	3119969	Bubalus kerabau	Bubalus	Bovidae	Artiodactyla	Mammalia	TRUE	FALSE
KR059223.1	9925	Capra hircus	Capra	Bovidae	Artiodactyla	Mammalia	FALSE	FALSE
KR059224.1	9925	Capra hircus	Capra	Bovidae	Artiodactyla	Mammalia	FALSE	FALSE
KR059225.1	9925	Capra hircus	Capra	Bovidae	Artiodactyla	Mammalia	FALSE	FALSE
NC_005044	9925	Capra hircus	Capra	Bovidae	Artiodactyla	Mammalia	TRUE	FALSE
OR494600.1	9925	Capra hircus	Capra	Bovidae	Artiodactyla	Mammalia	FALSE	FALSE
AP003429.1	9966	Capricornis crispus	Capricornis	Bovidae	Artiodactyla	Mammalia	FALSE	FALSE
FJ207533.1	9966	Capricornis crispus	Capricornis	Bovidae	Artiodactyla	Mammalia	FALSE	FALSE
NC_012096	9966	Capricornis crispus	Capricornis	Bovidae	Artiodactyla	Mammalia	TRUE	FALSE
EF558665.1	34866	Capricornis swinhoei	Capricornis	Bovidae	Artiodactyla	Mammalia	FALSE	FALSE
NC_010640	34866	Capricornis swinhoei	Capricornis	Bovidae	Artiodactyla	Mammalia	TRUE	FALSE
FJ207535.1	34873	Oreamnos americanus	Oreamnos	Bovidae	Artiodactyla	Mammalia	FALSE	FALSE
NC_020630	34873	Oreamnos americanus	Oreamnos	Bovidae	Artiodactyla	Mammalia	TRUE	FALSE
FJ207536.1	37176	Ovibos moschatus	Ovibos	Bovidae	Artiodactyla	Mammalia	FALSE	FALSE
KF826487.1	37176	Ovibos moschatus	Ovibos	Bovidae	Artiodactyla	Mammalia	FALSE	FALSE
NC_020631	37176	Ovibos moschatus	Ovibos	Bovidae	Artiodactyla	Mammalia	TRUE	FALSE
NC_001941	9940	Ovis aries	Ovis	Bovidae	Artiodactyla	Mammalia	TRUE	FALSE
PQ248007.1	9940	Ovis aries	Ovis	Bovidae	Artiodactyla	Mammalia	FALSE	FALSE
PQ248008.1	9940	Ovis aries	Ovis	Bovidae	Artiodactyla	Mammalia	FALSE	FALSE
PQ248009.1	9940	Ovis aries	Ovis	Bovidae	Artiodactyla	Mammalia	FALSE	FALSE
PQ248020.1	9940	Ovis aries	Ovis	Bovidae	Artiodactyla	Mammalia	FALSE	FALSE
JN181255.1	37174	Ovis canadensis	Ovis	Bovidae	Artiodactyla	Mammalia	FALSE	FALSE
MH094035.1	37174	Ovis canadensis	Ovis	Bovidae	Artiodactyla	Mammalia	FALSE	FALSE
NC_015889	37174	Ovis canadensis	Ovis	Bovidae	Artiodactyla	Mammalia	TRUE	FALSE
DQ191826.1	59538	Pantholops hodgsonii	Pantholops	Bovidae	Artiodactyla	Mammalia	FALSE	FALSE
NC_007441	59538	Pantholops hodgsonii	Pantholops	Bovidae	Artiodactyla	Mammalia	TRUE	FALSE
JN632700.1	34875	Saiga tatarica	Saiga	Bovidae	Artiodactyla	Mammalia	FALSE	FALSE
MF497028.1	34875	Saiga tatarica	Saiga	Bovidae	Artiodactyla	Mammalia	FALSE	FALSE
NC_020746	34875	Saiga tatarica	Saiga	Bovidae	Artiodactyla	Mammalia	TRUE	FALSE
KR822422.1	1656233	Camelops cf. hesternus PDH-2015	Camelops	Camelidae	Artiodactyla	Mammalia	TRUE	FALSE
NC_009628	9837	Camelus bactrianus	Camelus	Camelidae	Artiodactyla	Mammalia	TRUE	TRUE
OM135523.1	9837	Camelus bactrianus	Camelus	Camelidae	Artiodactyla	Mammalia	FALSE	FALSE
OP378547.1	9837	Camelus bactrianus	Camelus	Camelidae	Artiodactyla	Mammalia	FALSE	FALSE
OP378548.1	9837	Camelus bactrianus	Camelus	Camelidae	Artiodactyla	Mammalia	FALSE	FALSE
OP378549.1	9837	Camelus bactrianus	Camelus	Camelidae	Artiodactyla	Mammalia	FALSE	FALSE
NC_009849	9838	Camelus dromedarius	Camelus	Camelidae	Artiodactyla	Mammalia	TRUE	FALSE
ON256560.1	9838	Camelus dromedarius	Camelus	Camelidae	Artiodactyla	Mammalia	FALSE	FALSE
ON402470.1	9838	Camelus dromedarius	Camelus	Camelidae	Artiodactyla	Mammalia	FALSE	FALSE
ON496992.1	9838	Camelus dromedarius	Camelus	Camelidae	Artiodactyla	Mammalia	FALSE	FALSE
ON842293.1	9838	Camelus dromedarius	Camelus	Camelidae	Artiodactyla	Mammalia	FALSE	FALSE
EF212038.2	419612	Camelus ferus	Camelus	Camelidae	Artiodactyla	Mammalia	FALSE	FALSE
MH109928.1	419612	Camelus ferus	Camelus	Camelidae	Artiodactyla	Mammalia	FALSE	FALSE
MH109929.1	419612	Camelus ferus	Camelus	Camelidae	Artiodactyla	Mammalia	FALSE	FALSE
MH109930.1	419612	Camelus ferus	Camelus	Camelidae	Artiodactyla	Mammalia	FALSE	FALSE
NC_009629	419612	Camelus ferus	Camelus	Camelidae	Artiodactyla	Mammalia	TRUE	FALSE
AP003426.1	9844	Lama glama	Lama	Camelidae	Artiodactyla	Mammalia	FALSE	FALSE
NC_012102	9844	Lama glama	Lama	Camelidae	Artiodactyla	Mammalia	TRUE	FALSE
EU681954.1	9840	Lama guanicoe	Lama	Camelidae	Artiodactyla	Mammalia	FALSE	FALSE
NC_011822	9840	Lama guanicoe	Lama	Camelidae	Artiodactyla	Mammalia	TRUE	FALSE
MT044302.1	30538	Vicugna pacos	Vicugna	Camelidae	Artiodactyla	Mammalia	FALSE	FALSE
MZ708721.1	30538	Vicugna pacos	Vicugna	Camelidae	Artiodactyla	Mammalia	FALSE	FALSE
NC_002504	30538	Vicugna pacos	Vicugna	Camelidae	Artiodactyla	Mammalia	TRUE	FALSE
FJ456892.1	9843	Vicugna vicugna	Vicugna	Camelidae	Artiodactyla	Mammalia	FALSE	FALSE
NC_013558	9843	Vicugna vicugna	Vicugna	Camelidae	Artiodactyla	Mammalia	TRUE	FALSE
MF784602.1	9852	Alces alces	Alces	Cervidae	Artiodactyla	Mammalia	FALSE	FALSE
MF784603.1	9852	Alces alces	Alces	Cervidae	Artiodactyla	Mammalia	FALSE	FALSE
MF784604.1	9852	Alces alces	Alces	Cervidae	Artiodactyla	Mammalia	FALSE	FALSE
NC_020677	9852	Alces alces	Alces	Cervidae	Artiodactyla	Mammalia	TRUE	TRUE
OP838909.1	9852	Alces alces	Alces	Cervidae	Artiodactyla	Mammalia	FALSE	FALSE
GU457434.1	9860	Cervus elaphus	Cervus	Cervidae	Artiodactyla	Mammalia	FALSE	FALSE
NC_007704	9860	Cervus elaphus	Cervus	Cervidae	Artiodactyla	Mammalia	TRUE	FALSE
NC_013836	9860	Cervus elaphus	Cervus	Cervidae	Artiodactyla	Mammalia	FALSE	FALSE
OP764650.1	9860	Cervus elaphus	Cervus	Cervidae	Artiodactyla	Mammalia	FALSE	FALSE
OP764651.1	9860	Cervus elaphus	Cervus	Cervidae	Artiodactyla	Mammalia	FALSE	FALSE
OP764652.1	9860	Cervus elaphus	Cervus	Cervidae	Artiodactyla	Mammalia	FALSE	FALSE
OP764653.1	9860	Cervus elaphus	Cervus	Cervidae	Artiodactyla	Mammalia	FALSE	FALSE
GU457435.1	84702	Cervus hanglu	Cervus	Cervidae	Artiodactyla	Mammalia	FALSE	FALSE
NC_013840	84702	Cervus hanglu	Cervus	Cervidae	Artiodactyla	Mammalia	TRUE	FALSE
AB210267.2	37550	Cervus nippon	Cervus	Cervidae	Artiodactyla	Mammalia	FALSE	FALSE
AB211429.1	37550	Cervus nippon	Cervus	Cervidae	Artiodactyla	Mammalia	FALSE	FALSE
AB218689.1	37550	Cervus nippon	Cervus	Cervidae	Artiodactyla	Mammalia	FALSE	FALSE
DQ985076.1	37550	Cervus nippon	Cervus	Cervidae	Artiodactyla	Mammalia	FALSE	FALSE
EF058308.1	37550	Cervus nippon	Cervus	Cervidae	Artiodactyla	Mammalia	FALSE	FALSE
NC_006973	37550	Cervus nippon	Cervus	Cervidae	Artiodactyla	Mammalia	FALSE	FALSE
NC_006993	37550	Cervus nippon	Cervus	Cervidae	Artiodactyla	Mammalia	FALSE	FALSE
NC_007179	37550	Cervus nippon	Cervus	Cervidae	Artiodactyla	Mammalia	TRUE	FALSE
NC_008462	37550	Cervus nippon	Cervus	Cervidae	Artiodactyla	Mammalia	FALSE	FALSE
MN248532.1	109298	Elaphodus cephalophus	Elaphodus	Cervidae	Artiodactyla	Mammalia	FALSE	FALSE
MN251783.1	109298	Elaphodus cephalophus	Elaphodus	Cervidae	Artiodactyla	Mammalia	FALSE	FALSE
MT726046.1	109298	Elaphodus cephalophus	Elaphodus	Cervidae	Artiodactyla	Mammalia	FALSE	FALSE
NC_008749	109298	Elaphodus cephalophus	Elaphodus	Cervidae	Artiodactyla	Mammalia	FALSE	FALSE
NC_050383.1	109298	Elaphodus cephalophus	Elaphodus	Cervidae	Artiodactyla	Mammalia	TRUE	FALSE
EU315254.1	9883	Hydropotes inermis	Hydropotes	Cervidae	Artiodactyla	Mammalia	FALSE	FALSE
JF802125.1	9883	Hydropotes inermis	Hydropotes	Cervidae	Artiodactyla	Mammalia	FALSE	FALSE
MN746502.1	9883	Hydropotes inermis	Hydropotes	Cervidae	Artiodactyla	Mammalia	FALSE	FALSE
NC_011821	9883	Hydropotes inermis	Hydropotes	Cervidae	Artiodactyla	Mammalia	FALSE	FALSE
NC_018032.1	9883	Hydropotes inermis	Hydropotes	Cervidae	Artiodactyla	Mammalia	TRUE	FALSE
AY239042.1	71854	Muntiacus crinifrons	Muntiacus	Cervidae	Artiodactyla	Mammalia	FALSE	FALSE
NC_004577	71854	Muntiacus crinifrons	Muntiacus	Cervidae	Artiodactyla	Mammalia	TRUE	FALSE
MT671405.1	9888	Muntiacus muntjak	Muntiacus	Cervidae	Artiodactyla	Mammalia	FALSE	FALSE
MT671406.1	9888	Muntiacus muntjak	Muntiacus	Cervidae	Artiodactyla	Mammalia	FALSE	FALSE
MT671407.1	9888	Muntiacus muntjak	Muntiacus	Cervidae	Artiodactyla	Mammalia	FALSE	FALSE
MT671408.1	9888	Muntiacus muntjak	Muntiacus	Cervidae	Artiodactyla	Mammalia	FALSE	FALSE
NC_004563	9888	Muntiacus muntjak	Muntiacus	Cervidae	Artiodactyla	Mammalia	TRUE	FALSE
EF035447.1	9886	Muntiacus reevesi	Muntiacus	Cervidae	Artiodactyla	Mammalia	FALSE	FALSE
KY117561.1	9886	Muntiacus reevesi	Muntiacus	Cervidae	Artiodactyla	Mammalia	FALSE	FALSE
MZ895085.1	9886	Muntiacus reevesi	Muntiacus	Cervidae	Artiodactyla	Mammalia	FALSE	FALSE
NC_004069	9886	Muntiacus reevesi	Muntiacus	Cervidae	Artiodactyla	Mammalia	FALSE	FALSE
NC_008491	9886	Muntiacus reevesi	Muntiacus	Cervidae	Artiodactyla	Mammalia	TRUE	FALSE
NC_008491.1	9886	Muntiacus reevesi	Muntiacus	Cervidae	Artiodactyla	Mammalia	FALSE	FALSE
PP506676.1	9886	Muntiacus reevesi	Muntiacus	Cervidae	Artiodactyla	Mammalia	FALSE	FALSE
JN632670.1	9872	Odocoileus hemionus	Odocoileus	Cervidae	Artiodactyla	Mammalia	FALSE	FALSE
NC_020729	9872	Odocoileus hemionus	Odocoileus	Cervidae	Artiodactyla	Mammalia	TRUE	FALSE
HQ332445.1	9874	Odocoileus virginianus	Odocoileus	Cervidae	Artiodactyla	Mammalia	FALSE	FALSE
JN632671.1	9874	Odocoileus virginianus	Odocoileus	Cervidae	Artiodactyla	Mammalia	FALSE	FALSE
JN632672.1	9874	Odocoileus virginianus	Odocoileus	Cervidae	Artiodactyla	Mammalia	FALSE	FALSE
JN632673.1	9874	Odocoileus virginianus	Odocoileus	Cervidae	Artiodactyla	Mammalia	FALSE	FALSE
NC_015247	9874	Odocoileus virginianus	Odocoileus	Cervidae	Artiodactyla	Mammalia	TRUE	FALSE
MT753444.1	9870	Rangifer tarandus	Rangifer	Cervidae	Artiodactyla	Mammalia	FALSE	FALSE
MZ353652.1	9870	Rangifer tarandus	Rangifer	Cervidae	Artiodactyla	Mammalia	FALSE	FALSE
MZ353653.1	9870	Rangifer tarandus	Rangifer	Cervidae	Artiodactyla	Mammalia	FALSE	FALSE
MZ353654.1	9870	Rangifer tarandus	Rangifer	Cervidae	Artiodactyla	Mammalia	FALSE	FALSE
NC_007703	9870	Rangifer tarandus	Rangifer	Cervidae	Artiodactyla	Mammalia	TRUE	FALSE
DQ989636.3	399782	Rusa unicolor	Rusa	Cervidae	Artiodactyla	Mammalia	FALSE	FALSE
EF035448.1	399782	Rusa unicolor	Rusa	Cervidae	Artiodactyla	Mammalia	FALSE	FALSE
NC_008414	399782	Rusa unicolor	Rusa	Cervidae	Artiodactyla	Mammalia	TRUE	FALSE
EU557094.1	103584	Delphinus capensis	Delphinus	Delphinidae	Artiodactyla	Mammalia	FALSE	FALSE
NC_012061	103584	Delphinus capensis	Delphinus	Delphinidae	Artiodactyla	Mammalia	TRUE	FALSE
EU557095.1	83653	Grampus griseus	Grampus	Delphinidae	Artiodactyla	Mammalia	FALSE	FALSE
LC630882.1	83653	Grampus griseus	Grampus	Delphinidae	Artiodactyla	Mammalia	FALSE	FALSE
NC_012062	83653	Grampus griseus	Grampus	Delphinidae	Artiodactyla	Mammalia	TRUE	FALSE
MT410901.1	27610	Lagenorhynchus albirostris	Lagenorhynchus	Delphinidae	Artiodactyla	Mammalia	FALSE	FALSE
NC_005278	27610	Lagenorhynchus albirostris	Lagenorhynchus	Delphinidae	Artiodactyla	Mammalia	TRUE	FALSE
NC_083094.1	27610	Lagenorhynchus albirostris	Lagenorhynchus	Delphinidae	Artiodactyla	Mammalia	FALSE	FALSE
EU557091.1	103600	Sousa chinensis	Sousa	Delphinidae	Artiodactyla	Mammalia	FALSE	FALSE
NC_012057	103600	Sousa chinensis	Sousa	Delphinidae	Artiodactyla	Mammalia	TRUE	FALSE
KX857344.1	9735	Stenella attenuata	Stenella	Delphinidae	Artiodactyla	Mammalia	FALSE	FALSE
KX857347.1	9735	Stenella attenuata	Stenella	Delphinidae	Artiodactyla	Mammalia	FALSE	FALSE
KX857348.1	9735	Stenella attenuata	Stenella	Delphinidae	Artiodactyla	Mammalia	FALSE	FALSE
KX857349.1	9735	Stenella attenuata	Stenella	Delphinidae	Artiodactyla	Mammalia	FALSE	FALSE
NC_012051	9735	Stenella attenuata	Stenella	Delphinidae	Artiodactyla	Mammalia	TRUE	TRUE
EU557097.1	9737	Stenella coeruleoalba	Stenella	Delphinidae	Artiodactyla	Mammalia	FALSE	FALSE
NC_012053	9737	Stenella coeruleoalba	Stenella	Delphinidae	Artiodactyla	Mammalia	TRUE	FALSE
EU557092.1	79784	Tursiops aduncus	Tursiops	Delphinidae	Artiodactyla	Mammalia	FALSE	FALSE
KF570362.1	79784	Tursiops aduncus	Tursiops	Delphinidae	Artiodactyla	Mammalia	FALSE	FALSE
MG762973.1	79784	Tursiops aduncus	Tursiops	Delphinidae	Artiodactyla	Mammalia	FALSE	FALSE
MG762974.1	79784	Tursiops aduncus	Tursiops	Delphinidae	Artiodactyla	Mammalia	FALSE	FALSE
NC_012058	79784	Tursiops aduncus	Tursiops	Delphinidae	Artiodactyla	Mammalia	TRUE	FALSE
NC_012059	9739	Tursiops truncatus	Tursiops	Delphinidae	Artiodactyla	Mammalia	TRUE	FALSE
OR120225.1	9739	Tursiops truncatus	Tursiops	Delphinidae	Artiodactyla	Mammalia	FALSE	FALSE
OR120226.1	9739	Tursiops truncatus	Tursiops	Delphinidae	Artiodactyla	Mammalia	FALSE	FALSE
OR120227.1	9739	Tursiops truncatus	Tursiops	Delphinidae	Artiodactyla	Mammalia	FALSE	FALSE
OR120228.1	9739	Tursiops truncatus	Tursiops	Delphinidae	Artiodactyla	Mammalia	FALSE	FALSE
AP006471.1	9764	Eschrichtius robustus	Eschrichtius	Eschrichtiidae	Artiodactyla	Mammalia	FALSE	FALSE
MF409244.1	9764	Eschrichtius robustus	Eschrichtius	Eschrichtiidae	Artiodactyla	Mammalia	FALSE	FALSE
MF409245.1	9764	Eschrichtius robustus	Eschrichtius	Eschrichtiidae	Artiodactyla	Mammalia	FALSE	FALSE
NC_005270	9764	Eschrichtius robustus	Eschrichtius	Eschrichtiidae	Artiodactyla	Mammalia	TRUE	TRUE
NC_012100	439323	Giraffa giraffa	Giraffa	Giraffidae	Artiodactyla	Mammalia	TRUE	TRUE
PQ038550.1	439323	Giraffa giraffa	Giraffa	Giraffidae	Artiodactyla	Mammalia	FALSE	FALSE
PQ038551.1	439323	Giraffa giraffa	Giraffa	Giraffidae	Artiodactyla	Mammalia	FALSE	FALSE
PQ038552.1	439323	Giraffa giraffa	Giraffa	Giraffidae	Artiodactyla	Mammalia	FALSE	FALSE
PQ038553.1	439323	Giraffa giraffa	Giraffa	Giraffidae	Artiodactyla	Mammalia	FALSE	FALSE
AP003425.1	9833	Hippopotamus amphibius	Hippopotamus	Hippopotamidae	Artiodactyla	Mammalia	FALSE	FALSE
NC_000889	9833	Hippopotamus amphibius	Hippopotamus	Hippopotamidae	Artiodactyla	Mammalia	TRUE	TRUE
NC_005276	9725	Inia geoffrensis	Inia	Iniidae	Artiodactyla	Mammalia	TRUE	TRUE
AY789529.1	118797	Lipotes vexillifer	Lipotes	Lipotidae	Artiodactyla	Mammalia	FALSE	FALSE
NC_007629	118797	Lipotes vexillifer	Lipotes	Lipotidae	Artiodactyla	Mammalia	TRUE	TRUE
OQ554319.1	9749	Delphinapterus leucas	Delphinapterus	Monodontidae	Artiodactyla	Mammalia	FALSE	TRUE
OQ554320.1	9749	Delphinapterus leucas	Delphinapterus	Monodontidae	Artiodactyla	Mammalia	FALSE	FALSE
OQ554321.1	9749	Delphinapterus leucas	Delphinapterus	Monodontidae	Artiodactyla	Mammalia	FALSE	FALSE
OQ554322.1	9749	Delphinapterus leucas	Delphinapterus	Monodontidae	Artiodactyla	Mammalia	FALSE	FALSE
OQ554323.1	9749	Delphinapterus leucas	Delphinapterus	Monodontidae	Artiodactyla	Mammalia	TRUE	FALSE
MT251286.1	40151	Monodon monoceros	Monodon	Monodontidae	Artiodactyla	Mammalia	FALSE	FALSE
MT251287.1	40151	Monodon monoceros	Monodon	Monodontidae	Artiodactyla	Mammalia	FALSE	FALSE
MT251288.1	40151	Monodon monoceros	Monodon	Monodontidae	Artiodactyla	Mammalia	FALSE	FALSE
MT251289.1	40151	Monodon monoceros	Monodon	Monodontidae	Artiodactyla	Mammalia	FALSE	FALSE
NC_005279	40151	Monodon monoceros	Monodon	Monodontidae	Artiodactyla	Mammalia	TRUE	FALSE
AP006475.1	27604	Caperea marginata	Caperea	Neobalaenidae	Artiodactyla	Mammalia	FALSE	FALSE
NC_005269	27604	Caperea marginata	Caperea	Neobalaenidae	Artiodactyla	Mammalia	TRUE	TRUE
MZ772954.1	9742	Phocoena phocoena	Phocoena	Phocoenidae	Artiodactyla	Mammalia	FALSE	FALSE
MZ772955.1	9742	Phocoena phocoena	Phocoena	Phocoenidae	Artiodactyla	Mammalia	FALSE	FALSE
MZ772956.1	9742	Phocoena phocoena	Phocoena	Phocoenidae	Artiodactyla	Mammalia	FALSE	FALSE
MZ772957.1	9742	Phocoena phocoena	Phocoena	Phocoenidae	Artiodactyla	Mammalia	FALSE	FALSE
NC_005280	9742	Phocoena phocoena	Phocoena	Phocoenidae	Artiodactyla	Mammalia	TRUE	TRUE
NC_005272	27615	Kogia breviceps	Kogia	Physeteridae	Artiodactyla	Mammalia	TRUE	FALSE
KU891393.1	9755	Physeter catodon	Physeter	Physeteridae	Artiodactyla	Mammalia	FALSE	FALSE
KU891394.1	9755	Physeter catodon	Physeter	Physeteridae	Artiodactyla	Mammalia	FALSE	FALSE
NC_002503	9755	Physeter catodon	Physeter	Physeteridae	Artiodactyla	Mammalia	TRUE	TRUE
ON725079.1	9755	Physeter catodon	Physeter	Physeteridae	Artiodactyla	Mammalia	FALSE	FALSE
ON725080.1	9755	Physeter catodon	Physeter	Physeteridae	Artiodactyla	Mammalia	FALSE	FALSE
NC_005275	48752	Platanista minor	Platanista	Platanistidae	Artiodactyla	Mammalia	TRUE	TRUE
NC_005277	48723	Pontoporia blainvillei	Pontoporia	Pontoporiidae	Artiodactyla	Mammalia	TRUE	TRUE
DQ409327.1	41426	Phacochoerus africanus	Phacochoerus	Suidae	Artiodactyla	Mammalia	FALSE	FALSE
NC_008830	41426	Phacochoerus africanus	Phacochoerus	Suidae	Artiodactyla	Mammalia	TRUE	FALSE
NC_000845	9823	Sus scrofa	Sus	Suidae	Artiodactyla	Mammalia	FALSE	FALSE
NC_012095	9823	Sus scrofa	Sus	Suidae	Artiodactyla	Mammalia	TRUE	TRUE
OM236539.1	9823	Sus scrofa	Sus	Suidae	Artiodactyla	Mammalia	FALSE	FALSE
ON706057.1	9823	Sus scrofa	Sus	Suidae	Artiodactyla	Mammalia	FALSE	FALSE
ON715893.1	9823	Sus scrofa	Sus	Suidae	Artiodactyla	Mammalia	FALSE	FALSE
ON804887.1	9823	Sus scrofa	Sus	Suidae	Artiodactyla	Mammalia	FALSE	FALSE
PP763985.1	9823	Sus scrofa	Sus	Suidae	Artiodactyla	Mammalia	FALSE	FALSE
PP763986.1	9823	Sus scrofa	Sus	Suidae	Artiodactyla	Mammalia	FALSE	FALSE
PP763987.1	9823	Sus scrofa	Sus	Suidae	Artiodactyla	Mammalia	FALSE	FALSE
PP763988.1	9823	Sus scrofa	Sus	Suidae	Artiodactyla	Mammalia	FALSE	FALSE
AP003427.1	9829	Dicotyles tajacu	Dicotyles	Tayassuidae	Artiodactyla	Mammalia	FALSE	FALSE
JN632682.1	9829	Dicotyles tajacu	Dicotyles	Tayassuidae	Artiodactyla	Mammalia	FALSE	FALSE
JN632683.1	9829	Dicotyles tajacu	Dicotyles	Tayassuidae	Artiodactyla	Mammalia	FALSE	FALSE
NC_012103	9829	Dicotyles tajacu	Dicotyles	Tayassuidae	Artiodactyla	Mammalia	TRUE	TRUE
PQ009497.1	9829	Dicotyles tajacu	Dicotyles	Tayassuidae	Artiodactyla	Mammalia	FALSE	FALSE
KY987554	1983451	Platygonus compressus	Platygonus	Tayassuidae	Artiodactyla	Mammalia	TRUE	FALSE
NC_005274	48742	Berardius bairdii	Berardius	Ziphiidae	Artiodactyla	Mammalia	TRUE	TRUE
MN536366.1	48744	Hyperoodon ampullatus	Hyperoodon	Ziphiidae	Artiodactyla	Mammalia	FALSE	FALSE
MN536367.1	48744	Hyperoodon ampullatus	Hyperoodon	Ziphiidae	Artiodactyla	Mammalia	FALSE	FALSE
MN536368.1	48744	Hyperoodon ampullatus	Hyperoodon	Ziphiidae	Artiodactyla	Mammalia	FALSE	FALSE
MT410957.1	48744	Hyperoodon ampullatus	Hyperoodon	Ziphiidae	Artiodactyla	Mammalia	FALSE	FALSE
NC_005273	48744	Hyperoodon ampullatus	Hyperoodon	Ziphiidae	Artiodactyla	Mammalia	TRUE	FALSE
MK886830.1	9649	Ailurus fulgens	Ailurus	Ailuridae	Carnivora	Mammalia	FALSE	FALSE
MT816339.1	9649	Ailurus fulgens	Ailurus	Ailuridae	Carnivora	Mammalia	FALSE	FALSE
NC_011124	9649	Ailurus fulgens	Ailurus	Ailuridae	Carnivora	Mammalia	TRUE	TRUE
AB291074.1	424585	Ailurus styani	Ailurus	Ailuridae	Carnivora	Mammalia	FALSE	FALSE
NC_009691	424585	Ailurus styani	Ailurus	Ailuridae	Carnivora	Mammalia	TRUE	FALSE
MZ042354.1	9614	Canis latrans	Canis	Canidae	Carnivora	Mammalia	FALSE	FALSE
MZ042355.1	9614	Canis latrans	Canis	Canidae	Carnivora	Mammalia	FALSE	FALSE
MZ042356.1	9614	Canis latrans	Canis	Canidae	Carnivora	Mammalia	FALSE	FALSE
MZ042357.1	9614	Canis latrans	Canis	Canidae	Carnivora	Mammalia	FALSE	FALSE
NC_008093	9614	Canis latrans	Canis	Canidae	Carnivora	Mammalia	TRUE	FALSE
EU442884.2	9612	Canis lupus	Canis	Canidae	Carnivora	Mammalia	FALSE	FALSE
FJ032363.2	9612	Canis lupus	Canis	Canidae	Carnivora	Mammalia	FALSE	FALSE
GQ374438.1	9612	Canis lupus	Canis	Canidae	Carnivora	Mammalia	FALSE	FALSE
KF573616.1	9612	Canis lupus	Canis	Canidae	Carnivora	Mammalia	FALSE	FALSE
MH746950.1	9612	Canis lupus	Canis	Canidae	Carnivora	Mammalia	FALSE	FALSE
NC_002008	9612	Canis lupus	Canis	Canidae	Carnivora	Mammalia	FALSE	FALSE
NC_008092	9612	Canis lupus	Canis	Canidae	Carnivora	Mammalia	FALSE	FALSE
NC_009686	9612	Canis lupus	Canis	Canidae	Carnivora	Mammalia	FALSE	FALSE
NC_010340	9612	Canis lupus	Canis	Canidae	Carnivora	Mammalia	FALSE	FALSE
NC_011218	9612	Canis lupus	Canis	Canidae	Carnivora	Mammalia	TRUE	TRUE
OR260554.2	9612	Canis lupus	Canis	Canidae	Carnivora	Mammalia	FALSE	FALSE
OR260555.2	9612	Canis lupus	Canis	Canidae	Carnivora	Mammalia	FALSE	FALSE
OR260561.2	9612	Canis lupus	Canis	Canidae	Carnivora	Mammalia	FALSE	FALSE
OR260566.2	9612	Canis lupus	Canis	Canidae	Carnivora	Mammalia	FALSE	FALSE
GU063864.1	68730	Cuon alpinus	Cuon	Canidae	Carnivora	Mammalia	FALSE	FALSE
KF646248.1	68730	Cuon alpinus	Cuon	Canidae	Carnivora	Mammalia	FALSE	FALSE
NC_013445	68730	Cuon alpinus	Cuon	Canidae	Carnivora	Mammalia	TRUE	FALSE
MT883492.1	494514	Vulpes lagopus	Vulpes	Canidae	Carnivora	Mammalia	FALSE	FALSE
NC_026529	494514	Vulpes lagopus	Vulpes	Canidae	Carnivora	Mammalia	TRUE	FALSE
OR880604.1	494514	Vulpes lagopus	Vulpes	Canidae	Carnivora	Mammalia	FALSE	FALSE
OR880606.1	494514	Vulpes lagopus	Vulpes	Canidae	Carnivora	Mammalia	FALSE	FALSE
OR880609.1	494514	Vulpes lagopus	Vulpes	Canidae	Carnivora	Mammalia	FALSE	FALSE
GQ374180.1	9627	Vulpes vulpes	Vulpes	Canidae	Carnivora	Mammalia	FALSE	FALSE
JN711443.1	9627	Vulpes vulpes	Vulpes	Canidae	Carnivora	Mammalia	FALSE	FALSE
KF387633.1	9627	Vulpes vulpes	Vulpes	Canidae	Carnivora	Mammalia	FALSE	FALSE
KP342452.1	9627	Vulpes vulpes	Vulpes	Canidae	Carnivora	Mammalia	FALSE	FALSE
NC_008434	9627	Vulpes vulpes	Vulpes	Canidae	Carnivora	Mammalia	TRUE	FALSE
AF344830.1	32536	Acinonyx jubatus	Acinonyx	Felidae	Carnivora	Mammalia	FALSE	FALSE
AY463959.1	32536	Acinonyx jubatus	Acinonyx	Felidae	Carnivora	Mammalia	FALSE	FALSE
KP202271.1	32536	Acinonyx jubatus	Acinonyx	Felidae	Carnivora	Mammalia	FALSE	FALSE
MK469961.1	32536	Acinonyx jubatus	Acinonyx	Felidae	Carnivora	Mammalia	FALSE	FALSE
NC_005212	32536	Acinonyx jubatus	Acinonyx	Felidae	Carnivora	Mammalia	TRUE	FALSE
NC_001700	9685	Felis catus	Felis	Felidae	Carnivora	Mammalia	TRUE	TRUE
PP070531.1	9685	Felis catus	Felis	Felidae	Carnivora	Mammalia	FALSE	FALSE
PP070532.1	9685	Felis catus	Felis	Felidae	Carnivora	Mammalia	FALSE	FALSE
PP070533.1	9685	Felis catus	Felis	Felidae	Carnivora	Mammalia	FALSE	FALSE
PP070534.1	9685	Felis catus	Felis	Felidae	Carnivora	Mammalia	FALSE	FALSE
MF871701.1	2048657	Homotherium latidens	Homotherium	Felidae	Carnivora	Mammalia	FALSE	FALSE
MF871702.1	2048657	Homotherium latidens	Homotherium	Felidae	Carnivora	Mammalia	TRUE	FALSE
KP202281.1	61383	Lynx canadensis	Lynx	Felidae	Carnivora	Mammalia	FALSE	FALSE
NC_028313	61383	Lynx canadensis	Lynx	Felidae	Carnivora	Mammalia	TRUE	FALSE
GQ979707.3	61384	Lynx rufus	Lynx	Felidae	Carnivora	Mammalia	FALSE	FALSE
KP202285.1	61384	Lynx rufus	Lynx	Felidae	Carnivora	Mammalia	FALSE	FALSE
NC_014456	61384	Lynx rufus	Lynx	Felidae	Carnivora	Mammalia	TRUE	FALSE
DQ257669.1	61452	Neofelis nebulosa	Neofelis	Felidae	Carnivora	Mammalia	FALSE	FALSE
KP202291.1	61452	Neofelis nebulosa	Neofelis	Felidae	Carnivora	Mammalia	FALSE	FALSE
KU133958.1	61452	Neofelis nebulosa	Neofelis	Felidae	Carnivora	Mammalia	FALSE	FALSE
NC_008450	61452	Neofelis nebulosa	Neofelis	Felidae	Carnivora	Mammalia	TRUE	FALSE
JQ904290.1	9689	Panthera leo	Panthera	Felidae	Carnivora	Mammalia	FALSE	FALSE
KC834784.1	9689	Panthera leo	Panthera	Felidae	Carnivora	Mammalia	FALSE	FALSE
KU234271.1	9689	Panthera leo	Panthera	Felidae	Carnivora	Mammalia	FALSE	FALSE
MT916290.1	9689	Panthera leo	Panthera	Felidae	Carnivora	Mammalia	FALSE	FALSE
NC_018053.1	9689	Panthera leo	Panthera	Felidae	Carnivora	Mammalia	TRUE	FALSE
NC_028302.1	9689	Panthera leo	Panthera	Felidae	Carnivora	Mammalia	FALSE	FALSE
OP930841.1	9689	Panthera leo	Panthera	Felidae	Carnivora	Mammalia	FALSE	FALSE
OP930842.1	9689	Panthera leo	Panthera	Felidae	Carnivora	Mammalia	FALSE	FALSE
NC_022842.1	9690	Panthera onca	Panthera	Felidae	Carnivora	Mammalia	TRUE	FALSE
OR863194.1	9690	Panthera onca	Panthera	Felidae	Carnivora	Mammalia	FALSE	FALSE
OR863195.1	9690	Panthera onca	Panthera	Felidae	Carnivora	Mammalia	FALSE	FALSE
OR863196.1	9690	Panthera onca	Panthera	Felidae	Carnivora	Mammalia	FALSE	FALSE
OR863197.1	9690	Panthera onca	Panthera	Felidae	Carnivora	Mammalia	FALSE	FALSE
NC_010641	9691	Panthera pardus	Panthera	Felidae	Carnivora	Mammalia	TRUE	FALSE
PP420035.1	9691	Panthera pardus	Panthera	Felidae	Carnivora	Mammalia	FALSE	FALSE
PP420036.1	9691	Panthera pardus	Panthera	Felidae	Carnivora	Mammalia	FALSE	FALSE
PQ119384.1	9691	Panthera pardus	Panthera	Felidae	Carnivora	Mammalia	FALSE	FALSE
PQ283265.1	9691	Panthera pardus	Panthera	Felidae	Carnivora	Mammalia	FALSE	FALSE
KX258452.1	2770979	Panthera spelaea	Panthera	Felidae	Carnivora	Mammalia	FALSE	FALSE
OK513008.1	2770979	Panthera spelaea	Panthera	Felidae	Carnivora	Mammalia	TRUE	FALSE
OK513013.1	2770979	Panthera spelaea	Panthera	Felidae	Carnivora	Mammalia	FALSE	FALSE
OK513014.1	2770979	Panthera spelaea	Panthera	Felidae	Carnivora	Mammalia	FALSE	FALSE
OK513017.1	2770979	Panthera spelaea	Panthera	Felidae	Carnivora	Mammalia	FALSE	FALSE
BK062821.1	9694	Panthera tigris	Panthera	Felidae	Carnivora	Mammalia	FALSE	FALSE
BK062822.1	9694	Panthera tigris	Panthera	Felidae	Carnivora	Mammalia	FALSE	FALSE
BK062823.1	9694	Panthera tigris	Panthera	Felidae	Carnivora	Mammalia	FALSE	FALSE
BK062824.1	9694	Panthera tigris	Panthera	Felidae	Carnivora	Mammalia	FALSE	FALSE
HM185182.2	9694	Panthera tigris	Panthera	Felidae	Carnivora	Mammalia	FALSE	FALSE
NC_010642	9694	Panthera tigris	Panthera	Felidae	Carnivora	Mammalia	TRUE	FALSE
NC_014770.1	9694	Panthera tigris	Panthera	Felidae	Carnivora	Mammalia	FALSE	FALSE
MT423720.1	29064	Panthera uncia	Panthera	Felidae	Carnivora	Mammalia	FALSE	FALSE
MT423721.1	29064	Panthera uncia	Panthera	Felidae	Carnivora	Mammalia	FALSE	FALSE
MT423722.1	29064	Panthera uncia	Panthera	Felidae	Carnivora	Mammalia	FALSE	FALSE
MT423723.1	29064	Panthera uncia	Panthera	Felidae	Carnivora	Mammalia	FALSE	FALSE
NC_010638	29064	Panthera uncia	Panthera	Felidae	Carnivora	Mammalia	TRUE	FALSE
MH818219.1	9696	Puma concolor	Puma	Felidae	Carnivora	Mammalia	FALSE	FALSE
MH818220.1	9696	Puma concolor	Puma	Felidae	Carnivora	Mammalia	FALSE	FALSE
MH818221.1	9696	Puma concolor	Puma	Felidae	Carnivora	Mammalia	FALSE	FALSE
MH818222.1	9696	Puma concolor	Puma	Felidae	Carnivora	Mammalia	FALSE	FALSE
NC_016470	9696	Puma concolor	Puma	Felidae	Carnivora	Mammalia	TRUE	FALSE
MF871700	339609	Smilodon populator	Smilodon	Felidae	Carnivora	Mammalia	TRUE	FALSE
AY873843.1	140016	Urva javanica	Urva	Herpestidae	Carnivora	Mammalia	FALSE	FALSE
KY117548.1	140016	Urva javanica	Urva	Herpestidae	Carnivora	Mammalia	FALSE	FALSE
MW257214.1	140016	Urva javanica	Urva	Herpestidae	Carnivora	Mammalia	FALSE	FALSE
NC_006835	140016	Urva javanica	Urva	Herpestidae	Carnivora	Mammalia	TRUE	TRUE
HM106332.1	30548	Mephitis mephitis	Mephitis	Mephitidae	Carnivora	Mammalia	FALSE	FALSE
NC_020648	30548	Mephitis mephitis	Mephitis	Mephitidae	Carnivora	Mammalia	TRUE	TRUE
MW205871.1	30552	Spilogale putorius	Spilogale	Mephitidae	Carnivora	Mammalia	FALSE	FALSE
MW205873.1	30552	Spilogale putorius	Spilogale	Mephitidae	Carnivora	Mammalia	FALSE	FALSE
MW205874.1	30552	Spilogale putorius	Spilogale	Mephitidae	Carnivora	Mammalia	FALSE	FALSE
NC_010497	30552	Spilogale putorius	Spilogale	Mephitidae	Carnivora	Mammalia	TRUE	FALSE
AB291077.1	34882	Enhydra lutris	Enhydra	Mustelidae	Carnivora	Mammalia	FALSE	FALSE
NC_009692	34882	Enhydra lutris	Enhydra	Mustelidae	Carnivora	Mammalia	TRUE	FALSE
KF415127.1	48420	Gulo gulo	Gulo	Mustelidae	Carnivora	Mammalia	FALSE	FALSE
KR611313.1	48420	Gulo gulo	Gulo	Mustelidae	Carnivora	Mammalia	FALSE	FALSE
NC_009685	48420	Gulo gulo	Gulo	Mustelidae	Carnivora	Mammalia	TRUE	FALSE
NC_011358	9657	Lutra lutra	Lutra	Mustelidae	Carnivora	Mammalia	TRUE	TRUE
OR655424.1	9657	Lutra lutra	Lutra	Mustelidae	Carnivora	Mammalia	FALSE	FALSE
OR655425.1	9657	Lutra lutra	Lutra	Mustelidae	Carnivora	Mammalia	FALSE	FALSE
OR655426.1	9657	Lutra lutra	Lutra	Mustelidae	Carnivora	Mammalia	FALSE	FALSE
OR655427.1	9657	Lutra lutra	Lutra	Mustelidae	Carnivora	Mammalia	FALSE	FALSE
MT028275.1	9660	Martes americana	Martes	Mustelidae	Carnivora	Mammalia	FALSE	FALSE
MT028276.1	9660	Martes americana	Martes	Mustelidae	Carnivora	Mammalia	FALSE	FALSE
MT028277.1	9660	Martes americana	Martes	Mustelidae	Carnivora	Mammalia	FALSE	FALSE
MT028278.1	9660	Martes americana	Martes	Mustelidae	Carnivora	Mammalia	FALSE	FALSE
NC_020642	9660	Martes americana	Martes	Mustelidae	Carnivora	Mammalia	TRUE	FALSE
FJ719367.1	74864	Martes flavigula	Martes	Mustelidae	Carnivora	Mammalia	FALSE	FALSE
HM106326.1	74864	Martes flavigula	Martes	Mustelidae	Carnivora	Mammalia	FALSE	FALSE
KM347744.1	74864	Martes flavigula	Martes	Mustelidae	Carnivora	Mammalia	FALSE	FALSE
MW625810.1	74864	Martes flavigula	Martes	Mustelidae	Carnivora	Mammalia	FALSE	FALSE
NC_012141	74864	Martes flavigula	Martes	Mustelidae	Carnivora	Mammalia	TRUE	FALSE
AB291076.1	36721	Martes melampus	Martes	Mustelidae	Carnivora	Mammalia	FALSE	FALSE
NC_009678	36721	Martes melampus	Martes	Mustelidae	Carnivora	Mammalia	TRUE	FALSE
NC_011579	36722	Martes zibellina	Martes	Mustelidae	Carnivora	Mammalia	TRUE	FALSE
PP960514.1	36722	Martes zibellina	Martes	Mustelidae	Carnivora	Mammalia	FALSE	FALSE
PP960515.1	36722	Martes zibellina	Martes	Mustelidae	Carnivora	Mammalia	FALSE	FALSE
PP960516.1	36722	Martes zibellina	Martes	Mustelidae	Carnivora	Mammalia	FALSE	FALSE
PP960517.1	36722	Martes zibellina	Martes	Mustelidae	Carnivora	Mammalia	FALSE	FALSE
AB291075.1	191034	Meles anakuma	Meles	Mustelidae	Carnivora	Mammalia	FALSE	FALSE
NC_009677	191034	Meles anakuma	Meles	Mustelidae	Carnivora	Mammalia	TRUE	FALSE
MW257227.1	9662	Meles meles	Meles	Mustelidae	Carnivora	Mammalia	FALSE	FALSE
NC_011125	9662	Meles meles	Meles	Mustelidae	Carnivora	Mammalia	TRUE	FALSE
MK603876.1	36723	Mustela erminea	Mustela	Mustelidae	Carnivora	Mammalia	FALSE	FALSE
MK603892.1	36723	Mustela erminea	Mustela	Mustelidae	Carnivora	Mammalia	FALSE	FALSE
MK603896.1	36723	Mustela erminea	Mustela	Mustelidae	Carnivora	Mammalia	FALSE	FALSE
MK603904.1	36723	Mustela erminea	Mustela	Mustelidae	Carnivora	Mammalia	FALSE	FALSE
NC_025516	36723	Mustela erminea	Mustela	Mustelidae	Carnivora	Mammalia	TRUE	FALSE
KM272752.1	77151	Mustela nigripes	Mustela	Mustelidae	Carnivora	Mammalia	FALSE	FALSE
NC_024942	77151	Mustela nigripes	Mustela	Mustelidae	Carnivora	Mammalia	TRUE	FALSE
HM106319.1	36239	Mustela nivalis	Mustela	Mustelidae	Carnivora	Mammalia	FALSE	FALSE
KT901457.1	36239	Mustela nivalis	Mustela	Mustelidae	Carnivora	Mammalia	FALSE	FALSE
MF459691.1	36239	Mustela nivalis	Mustela	Mustelidae	Carnivora	Mammalia	FALSE	FALSE
MW257229.1	36239	Mustela nivalis	Mustela	Mustelidae	Carnivora	Mammalia	FALSE	FALSE
NC_020639	36239	Mustela nivalis	Mustela	Mustelidae	Carnivora	Mammalia	TRUE	FALSE
HM106322.1	452646	Neogale vison	Neogale	Mustelidae	Carnivora	Mammalia	FALSE	FALSE
KM488625.1	452646	Neogale vison	Neogale	Mustelidae	Carnivora	Mammalia	FALSE	FALSE
KU146454.1	452646	Neogale vison	Neogale	Mustelidae	Carnivora	Mammalia	FALSE	FALSE
MT410953.1	452646	Neogale vison	Neogale	Mustelidae	Carnivora	Mammalia	FALSE	FALSE
NC_020641	452646	Neogale vison	Neogale	Mustelidae	Carnivora	Mammalia	TRUE	FALSE
HQ705177.1	76720	Pekania pennanti	Pekania	Mustelidae	Carnivora	Mammalia	FALSE	FALSE
HQ705178.1	76720	Pekania pennanti	Pekania	Mustelidae	Carnivora	Mammalia	FALSE	FALSE
HQ705179.1	76720	Pekania pennanti	Pekania	Mustelidae	Carnivora	Mammalia	FALSE	FALSE
HQ705180.1	76720	Pekania pennanti	Pekania	Mustelidae	Carnivora	Mammalia	FALSE	FALSE
NC_020664	76720	Pekania pennanti	Pekania	Mustelidae	Carnivora	Mammalia	TRUE	FALSE
HM106330.1	30554	Taxidea taxus	Taxidea	Mustelidae	Carnivora	Mammalia	FALSE	FALSE
NC_020646	30554	Taxidea taxus	Taxidea	Mustelidae	Carnivora	Mammalia	TRUE	FALSE
NC_004029	62698	Odobenus rosmarus	Odobenus	Odobenidae	Carnivora	Mammalia	TRUE	TRUE
AF513820.1	29084	Arctocephalus forsteri	Arctocephalus	Otariidae	Carnivora	Mammalia	FALSE	FALSE
KT693376.1	29084	Arctocephalus forsteri	Arctocephalus	Otariidae	Carnivora	Mammalia	FALSE	FALSE
KT693377.1	29084	Arctocephalus forsteri	Arctocephalus	Otariidae	Carnivora	Mammalia	FALSE	FALSE
KT693378.1	29084	Arctocephalus forsteri	Arctocephalus	Otariidae	Carnivora	Mammalia	FALSE	FALSE
NC_004023	29084	Arctocephalus forsteri	Arctocephalus	Otariidae	Carnivora	Mammalia	TRUE	FALSE
NC_008417	37191	Arctocephalus pusillus	Arctocephalus	Otariidae	Carnivora	Mammalia	TRUE	FALSE
NC_008420	161921	Arctocephalus townsendi	Arctocephalus	Otariidae	Carnivora	Mammalia	TRUE	FALSE
MG916809.1	34884	Callorhinus ursinus	Callorhinus	Otariidae	Carnivora	Mammalia	FALSE	FALSE
NC_008415	34884	Callorhinus ursinus	Callorhinus	Otariidae	Carnivora	Mammalia	TRUE	FALSE
AB300606.1	34886	Eumetopias jubatus	Eumetopias	Otariidae	Carnivora	Mammalia	FALSE	FALSE
AB300607.1	34886	Eumetopias jubatus	Eumetopias	Otariidae	Carnivora	Mammalia	FALSE	FALSE
AB300608.1	34886	Eumetopias jubatus	Eumetopias	Otariidae	Carnivora	Mammalia	FALSE	FALSE
GU475464.1	34886	Eumetopias jubatus	Eumetopias	Otariidae	Carnivora	Mammalia	FALSE	FALSE
NC_004030	34886	Eumetopias jubatus	Eumetopias	Otariidae	Carnivora	Mammalia	TRUE	FALSE
NC_008419	161930	Neophoca cinerea	Neophoca	Otariidae	Carnivora	Mammalia	TRUE	FALSE
NC_008418	34888	Phocarctos hookeri	Phocarctos	Otariidae	Carnivora	Mammalia	TRUE	FALSE
NC_008416	9704	Zalophus californianus	Zalophus	Otariidae	Carnivora	Mammalia	TRUE	TRUE
NC_008427	39293	Cystophora cristata	Cystophora	Phocidae	Carnivora	Mammalia	TRUE	FALSE
NC_008426	39304	Erignathus barbatus	Erignathus	Phocidae	Carnivora	Mammalia	TRUE	FALSE
NC_001602	9711	Halichoerus grypus	Halichoerus	Phocidae	Carnivora	Mammalia	TRUE	TRUE
NC_008425	29086	Hydrurga leptonyx	Hydrurga	Phocidae	Carnivora	Mammalia	TRUE	FALSE
MT755639.1	9713	Leptonychotes weddellii	Leptonychotes	Phocidae	Carnivora	Mammalia	FALSE	FALSE
NC_008424	9713	Leptonychotes weddellii	Leptonychotes	Phocidae	Carnivora	Mammalia	TRUE	FALSE
NC_008423	101849	Lobodon carcinophaga	Lobodon	Phocidae	Carnivora	Mammalia	TRUE	FALSE
NC_008422	9715	Mirounga leonina	Mirounga	Phocidae	Carnivora	Mammalia	TRUE	FALSE
NC_008421	29088	Neomonachus schauinslandi	Neomonachus	Phocidae	Carnivora	Mammalia	TRUE	FALSE
NC_008428	39088	Phoca fasciata	Phoca	Phocidae	Carnivora	Mammalia	TRUE	FALSE
NC_008429	39089	Phoca groenlandica	Phoca	Phocidae	Carnivora	Mammalia	TRUE	FALSE
FJ895151.1	39090	Phoca largha	Phoca	Phocidae	Carnivora	Mammalia	FALSE	FALSE
KT901456.1	39090	Phoca largha	Phoca	Phocidae	Carnivora	Mammalia	FALSE	FALSE
MW183359.1	39090	Phoca largha	Phoca	Phocidae	Carnivora	Mammalia	FALSE	FALSE
NC_008430	39090	Phoca largha	Phoca	Phocidae	Carnivora	Mammalia	TRUE	FALSE
OR865383.1	39090	Phoca largha	Phoca	Phocidae	Carnivora	Mammalia	FALSE	FALSE
NC_001325	9720	Phoca vitulina	Phoca	Phocidae	Carnivora	Mammalia	TRUE	FALSE
X63726.1	9720	Phoca vitulina	Phoca	Phocidae	Carnivora	Mammalia	FALSE	FALSE
NC_008431	693431	Pusa caspica	Pusa	Phocidae	Carnivora	Mammalia	TRUE	FALSE
MT410955.1	9718	Pusa hispida	Pusa	Phocidae	Carnivora	Mammalia	FALSE	FALSE
NC_008433	9718	Pusa hispida	Pusa	Phocidae	Carnivora	Mammalia	TRUE	FALSE
NC_008432	9719	Pusa sibirica	Pusa	Phocidae	Carnivora	Mammalia	TRUE	FALSE
AB462047.1	9654	Procyon lotor	Procyon	Procyonidae	Carnivora	Mammalia	FALSE	FALSE
AB462048.1	9654	Procyon lotor	Procyon	Procyonidae	Carnivora	Mammalia	FALSE	FALSE
AB462049.1	9654	Procyon lotor	Procyon	Procyonidae	Carnivora	Mammalia	FALSE	FALSE
MT410951.1	9654	Procyon lotor	Procyon	Procyonidae	Carnivora	Mammalia	FALSE	FALSE
NC_009126	9654	Procyon lotor	Procyon	Procyonidae	Carnivora	Mammalia	TRUE	TRUE
EF212882.1	9646	Ailuropoda melanoleuca	Ailuropoda	Ursidae	Carnivora	Mammalia	FALSE	FALSE
MH102403.1	9646	Ailuropoda melanoleuca	Ailuropoda	Ursidae	Carnivora	Mammalia	FALSE	FALSE
NC_009492	9646	Ailuropoda melanoleuca	Ailuropoda	Ursidae	Carnivora	Mammalia	TRUE	FALSE
OL702785.1	9646	Ailuropoda melanoleuca	Ailuropoda	Ursidae	Carnivora	Mammalia	FALSE	FALSE
PP871704.1	9646	Ailuropoda melanoleuca	Ailuropoda	Ursidae	Carnivora	Mammalia	FALSE	FALSE
NC_011116	551196	Arctodus simus	Arctodus	Ursidae	Carnivora	Mammalia	TRUE	FALSE
KU886001.1	1825730	Arctotherium sp.	Arctotherium	Ursidae	Carnivora	Mammalia	FALSE	FALSE
NC_030174.1	1825730	Arctotherium sp.	Arctotherium	Ursidae	Carnivora	Mammalia	TRUE	FALSE
EF196664.1	9634	Helarctos malayanus	Helarctos	Ursidae	Carnivora	Mammalia	FALSE	FALSE
MN807949.1	9634	Helarctos malayanus	Helarctos	Ursidae	Carnivora	Mammalia	FALSE	FALSE
NC_009968	9634	Helarctos malayanus	Helarctos	Ursidae	Carnivora	Mammalia	TRUE	TRUE
OQ564459.1	9634	Helarctos malayanus	Helarctos	Ursidae	Carnivora	Mammalia	FALSE	FALSE
OQ564488.1	9634	Helarctos malayanus	Helarctos	Ursidae	Carnivora	Mammalia	FALSE	FALSE
EF196662.1	9636	Melursus ursinus	Melursus	Ursidae	Carnivora	Mammalia	FALSE	FALSE
MH880816.1	9636	Melursus ursinus	Melursus	Ursidae	Carnivora	Mammalia	FALSE	FALSE
MH910095.1	9636	Melursus ursinus	Melursus	Ursidae	Carnivora	Mammalia	FALSE	FALSE
MH931229.1	9636	Melursus ursinus	Melursus	Ursidae	Carnivora	Mammalia	FALSE	FALSE
NC_009970	9636	Melursus ursinus	Melursus	Ursidae	Carnivora	Mammalia	TRUE	FALSE
EF196665.1	9638	Tremarctos ornatus	Tremarctos	Ursidae	Carnivora	Mammalia	FALSE	FALSE
MW556430.1	9638	Tremarctos ornatus	Tremarctos	Ursidae	Carnivora	Mammalia	FALSE	FALSE
NC_009969	9638	Tremarctos ornatus	Tremarctos	Ursidae	Carnivora	Mammalia	TRUE	FALSE
NC_003426	9643	Ursus americanus	Ursus	Ursidae	Carnivora	Mammalia	TRUE	FALSE
OQ318943.1	9643	Ursus americanus	Ursus	Ursidae	Carnivora	Mammalia	FALSE	FALSE
OQ318944.1	9643	Ursus americanus	Ursus	Ursidae	Carnivora	Mammalia	FALSE	FALSE
OQ318945.1	9643	Ursus americanus	Ursus	Ursidae	Carnivora	Mammalia	FALSE	FALSE
OQ318956.1	9643	Ursus americanus	Ursus	Ursidae	Carnivora	Mammalia	FALSE	FALSE
NC_003427	9644	Ursus arctos	Ursus	Ursidae	Carnivora	Mammalia	TRUE	FALSE
OQ318971.1	9644	Ursus arctos	Ursus	Ursidae	Carnivora	Mammalia	FALSE	FALSE
OQ318972.1	9644	Ursus arctos	Ursus	Ursidae	Carnivora	Mammalia	FALSE	FALSE
OQ318973.1	9644	Ursus arctos	Ursus	Ursidae	Carnivora	Mammalia	FALSE	FALSE
OQ318974.1	9644	Ursus arctos	Ursus	Ursidae	Carnivora	Mammalia	FALSE	FALSE
AF303111.1	29073	Ursus maritimus	Ursus	Ursidae	Carnivora	Mammalia	FALSE	FALSE
GU573490.1	29073	Ursus maritimus	Ursus	Ursidae	Carnivora	Mammalia	FALSE	FALSE
NC_003428	29073	Ursus maritimus	Ursus	Ursidae	Carnivora	Mammalia	TRUE	FALSE
OM732481.1	29073	Ursus maritimus	Ursus	Ursidae	Carnivora	Mammalia	FALSE	FALSE
OM732482.1	29073	Ursus maritimus	Ursus	Ursidae	Carnivora	Mammalia	FALSE	FALSE
EU327344.1	39097	Ursus spelaeus	Ursus	Ursidae	Carnivora	Mammalia	FALSE	FALSE
NC_011112	39097	Ursus spelaeus	Ursus	Ursidae	Carnivora	Mammalia	TRUE	FALSE
DQ402478.1	9642	Ursus thibetanus	Ursus	Ursidae	Carnivora	Mammalia	FALSE	FALSE
EF076773.1	9642	Ursus thibetanus	Ursus	Ursidae	Carnivora	Mammalia	FALSE	FALSE
EF587265.1	9642	Ursus thibetanus	Ursus	Ursidae	Carnivora	Mammalia	FALSE	FALSE
EF667005.1	9642	Ursus thibetanus	Ursus	Ursidae	Carnivora	Mammalia	FALSE	FALSE
EF681884.1	9642	Ursus thibetanus	Ursus	Ursidae	Carnivora	Mammalia	FALSE	FALSE
NC_008753	9642	Ursus thibetanus	Ursus	Ursidae	Carnivora	Mammalia	FALSE	FALSE
NC_009331	9642	Ursus thibetanus	Ursus	Ursidae	Carnivora	Mammalia	FALSE	FALSE
NC_009331.1	9642	Ursus thibetanus	Ursus	Ursidae	Carnivora	Mammalia	FALSE	FALSE
NC_009971	9642	Ursus thibetanus	Ursus	Ursidae	Carnivora	Mammalia	FALSE	FALSE
NC_011117	9642	Ursus thibetanus	Ursus	Ursidae	Carnivora	Mammalia	FALSE	FALSE
NC_011117.1	9642	Ursus thibetanus	Ursus	Ursidae	Carnivora	Mammalia	FALSE	FALSE
NC_011118	9642	Ursus thibetanus	Ursus	Ursidae	Carnivora	Mammalia	FALSE	FALSE
NC_011118.1	9642	Ursus thibetanus	Ursus	Ursidae	Carnivora	Mammalia	TRUE	FALSE
PQ182686.1	9642	Ursus thibetanus	Ursus	Ursidae	Carnivora	Mammalia	FALSE	FALSE
AY960981.1	94961	Mystacina tuberculata	Mystacina	Mystacinidae	Chiroptera	Mammalia	FALSE	FALSE
NC_006925	94961	Mystacina tuberculata	Mystacina	Mystacinidae	Chiroptera	Mammalia	TRUE	TRUE
AF061340.1	9417	Artibeus jamaicensis	Artibeus	Phyllostomidae	Chiroptera	Mammalia	FALSE	FALSE
NC_002009	9417	Artibeus jamaicensis	Artibeus	Phyllostomidae	Chiroptera	Mammalia	TRUE	TRUE
ON357726.1	9417	Artibeus jamaicensis	Artibeus	Phyllostomidae	Chiroptera	Mammalia	FALSE	FALSE
AB042770.1	126282	Pteropus dasymallus	Pteropus	Pteropodidae	Chiroptera	Mammalia	FALSE	FALSE
NC_002612	126282	Pteropus dasymallus	Pteropus	Pteropodidae	Chiroptera	Mammalia	TRUE	FALSE
AF321050.1	94117	Pteropus scapulatus	Pteropus	Pteropodidae	Chiroptera	Mammalia	FALSE	FALSE
NC_002619	94117	Pteropus scapulatus	Pteropus	Pteropodidae	Chiroptera	Mammalia	TRUE	FALSE
MN816348.1	9407	Rousettus aegyptiacus	Rousettus	Pteropodidae	Chiroptera	Mammalia	FALSE	FALSE
MN816349.1	9407	Rousettus aegyptiacus	Rousettus	Pteropodidae	Chiroptera	Mammalia	FALSE	FALSE
MN816350.1	9407	Rousettus aegyptiacus	Rousettus	Pteropodidae	Chiroptera	Mammalia	FALSE	FALSE
MN816351.1	9407	Rousettus aegyptiacus	Rousettus	Pteropodidae	Chiroptera	Mammalia	FALSE	FALSE
NC_007393	9407	Rousettus aegyptiacus	Rousettus	Pteropodidae	Chiroptera	Mammalia	TRUE	TRUE
EU166918.1	472238	Rhinolophus formosae	Rhinolophus	Rhinolophidae	Chiroptera	Mammalia	FALSE	FALSE
NC_011304	472238	Rhinolophus formosae	Rhinolophus	Rhinolophidae	Chiroptera	Mammalia	TRUE	FALSE
AF406806.1	169756	Rhinolophus monoceros	Rhinolophus	Rhinolophidae	Chiroptera	Mammalia	FALSE	FALSE
NC_005433	169756	Rhinolophus monoceros	Rhinolophus	Rhinolophidae	Chiroptera	Mammalia	TRUE	FALSE
AB061526.1	159859	Rhinolophus pumilus	Rhinolophus	Rhinolophidae	Chiroptera	Mammalia	FALSE	FALSE
NC_005434	159859	Rhinolophus pumilus	Rhinolophus	Rhinolophidae	Chiroptera	Mammalia	TRUE	TRUE
AF321051.1	143942	Chalinolobus tuberculatus	Chalinolobus	Vespertilionidae	Chiroptera	Mammalia	FALSE	FALSE
NC_002626	143942	Chalinolobus tuberculatus	Chalinolobus	Vespertilionidae	Chiroptera	Mammalia	TRUE	FALSE
AB061528.1	105295	Pipistrellus abramus	Pipistrellus	Vespertilionidae	Chiroptera	Mammalia	FALSE	FALSE
KX355640.1	105295	Pipistrellus abramus	Pipistrellus	Vespertilionidae	Chiroptera	Mammalia	FALSE	FALSE
NC_005436	105295	Pipistrellus abramus	Pipistrellus	Vespertilionidae	Chiroptera	Mammalia	TRUE	TRUE
KX098449.1	1849957	Doedicurus sp.	Doedicurus	Chlamyphoridae	Cingulata	Mammalia	TRUE	TRUE
KT818542.1	9361	Dasypus novemcinctus	Dasypus	Dasypodidae	Cingulata	Mammalia	FALSE	FALSE
NC_001821	9361	Dasypus novemcinctus	Dasypus	Dasypodidae	Cingulata	Mammalia	TRUE	TRUE
FJ515782.1	55782	Myrmecobius fasciatus	Myrmecobius	Myrmecobiidae	Dasyuromorphia	Mammalia	FALSE	FALSE
MT712076.1	55782	Myrmecobius fasciatus	Myrmecobius	Myrmecobiidae	Dasyuromorphia	Mammalia	FALSE	FALSE
NC_011949.1	55782	Myrmecobius fasciatus	Myrmecobius	Myrmecobiidae	Dasyuromorphia	Mammalia	TRUE	TRUE
KY678389.1	9275	Thylacinus cynocephalus	Thylacinus	Thylacinidae	Dasyuromorphia	Mammalia	FALSE	FALSE
KY678390.1	9275	Thylacinus cynocephalus	Thylacinus	Thylacinidae	Dasyuromorphia	Mammalia	FALSE	FALSE
KY678391.1	9275	Thylacinus cynocephalus	Thylacinus	Thylacinidae	Dasyuromorphia	Mammalia	FALSE	FALSE
KY678392.1	9275	Thylacinus cynocephalus	Thylacinus	Thylacinidae	Dasyuromorphia	Mammalia	FALSE	FALSE
NC_011944.1	9275	Thylacinus cynocephalus	Thylacinus	Thylacinidae	Dasyuromorphia	Mammalia	TRUE	TRUE
AF460846.1	482537	Galeopterus variegatus	Galeopterus	Cynocephalidae	Dermoptera	Mammalia	FALSE	FALSE
JN800721.1	482537	Galeopterus variegatus	Galeopterus	Cynocephalidae	Dermoptera	Mammalia	FALSE	FALSE
NC_004031	482537	Galeopterus variegatus	Galeopterus	Cynocephalidae	Dermoptera	Mammalia	TRUE	TRUE
KY996501.1	9321	Osphranter rufus	Osphranter	Macropodidae	Diprotodontia	Mammalia	TRUE	TRUE
AB241055.1	34899	Petaurus breviceps	Petaurus	Petauridae	Diprotodontia	Mammalia	FALSE	FALSE
NC_008135.1	34899	Petaurus breviceps	Petaurus	Petauridae	Diprotodontia	Mammalia	TRUE	TRUE
AB241053.1	38626	Phascolarctos cinereus	Phascolarctos	Phascolarctidae	Diprotodontia	Mammalia	FALSE	FALSE
NC_008133.1	38626	Phascolarctos cinereus	Phascolarctos	Phascolarctidae	Diprotodontia	Mammalia	TRUE	TRUE
NC_006519.1	9333	Pseudocheirus peregrinus	Pseudocheirus	Pseudocheiridae	Diprotodontia	Mammalia	TRUE	TRUE
NC_006518.1	38632	Tarsipes rostratus	Tarsipes	Tarsipedidae	Diprotodontia	Mammalia	TRUE	TRUE
AF348079.1	162630	Echinosorex gymnura	Echinosorex	Erinaceidae	Eulipotyphla	Mammalia	FALSE	FALSE
NC_002808	162630	Echinosorex gymnura	Echinosorex	Erinaceidae	Eulipotyphla	Mammalia	TRUE	FALSE
NC_002080	9365	Erinaceus europaeus	Erinaceus	Erinaceidae	Eulipotyphla	Mammalia	TRUE	TRUE
AB099481.1	217708	Hemiechinus auritus	Hemiechinus	Erinaceidae	Eulipotyphla	Mammalia	FALSE	FALSE
NC_005033	217708	Hemiechinus auritus	Hemiechinus	Erinaceidae	Eulipotyphla	Mammalia	TRUE	FALSE
NC_010298	48897	Hylomys suillus	Hylomys	Erinaceidae	Eulipotyphla	Mammalia	TRUE	FALSE
AY769263.1	36802	Crocidura russula	Crocidura	Soricidae	Eulipotyphla	Mammalia	FALSE	FALSE
AY769264.1	36802	Crocidura russula	Crocidura	Soricidae	Eulipotyphla	Mammalia	FALSE	FALSE
NC_006893	36802	Crocidura russula	Crocidura	Soricidae	Eulipotyphla	Mammalia	TRUE	TRUE
NC_056768.1	36802	Crocidura russula	Crocidura	Soricidae	Eulipotyphla	Mammalia	FALSE	FALSE
AF348081.1	150090	Episoriculus fumidus	Episoriculus	Soricidae	Eulipotyphla	Mammalia	FALSE	FALSE
NC_003040	150090	Episoriculus fumidus	Episoriculus	Soricidae	Eulipotyphla	Mammalia	TRUE	FALSE
KT210896.1	42254	Sorex araneus	Sorex	Soricidae	Eulipotyphla	Mammalia	FALSE	FALSE
NC_027963	42254	Sorex araneus	Sorex	Soricidae	Eulipotyphla	Mammalia	TRUE	FALSE
KY930906.1	62288	Sorex roboratus	Sorex	Soricidae	Eulipotyphla	Mammalia	FALSE	FALSE
NC_034808	62288	Sorex roboratus	Sorex	Soricidae	Eulipotyphla	Mammalia	TRUE	FALSE
KM067275.1	62287	Sorex tundrensis	Sorex	Soricidae	Eulipotyphla	Mammalia	FALSE	FALSE
NC_025327	62287	Sorex tundrensis	Sorex	Soricidae	Eulipotyphla	Mammalia	TRUE	FALSE
AB061527.1	62275	Sorex unguiculatus	Sorex	Soricidae	Eulipotyphla	Mammalia	FALSE	FALSE
NC_005435	62275	Sorex unguiculatus	Sorex	Soricidae	Eulipotyphla	Mammalia	TRUE	FALSE
AY833419.1	202257	Galemys pyrenaicus	Galemys	Talpidae	Eulipotyphla	Mammalia	FALSE	FALSE
NC_008156	202257	Galemys pyrenaicus	Galemys	Talpidae	Eulipotyphla	Mammalia	TRUE	FALSE
AB099482.1	62295	Mogera wogura	Mogera	Talpidae	Eulipotyphla	Mammalia	FALSE	FALSE
NC_005035	62295	Mogera wogura	Mogera	Talpidae	Eulipotyphla	Mammalia	TRUE	FALSE
NC_002391	9375	Talpa europaea	Talpa	Talpidae	Eulipotyphla	Mammalia	TRUE	TRUE
AB099483.1	106106	Urotrichus talpoides	Urotrichus	Talpidae	Eulipotyphla	Mammalia	FALSE	FALSE
NC_005034	106106	Urotrichus talpoides	Urotrichus	Talpidae	Eulipotyphla	Mammalia	TRUE	FALSE
MW592432.1	42325	Dendrohyrax dorsalis	Dendrohyrax	Procaviidae	Hyracoidea	Mammalia	FALSE	FALSE
MW592433.1	42325	Dendrohyrax dorsalis	Dendrohyrax	Procaviidae	Hyracoidea	Mammalia	FALSE	FALSE
MW592434.1	42325	Dendrohyrax dorsalis	Dendrohyrax	Procaviidae	Hyracoidea	Mammalia	FALSE	FALSE
MW592435.1	42325	Dendrohyrax dorsalis	Dendrohyrax	Procaviidae	Hyracoidea	Mammalia	FALSE	FALSE
NC_010301	42325	Dendrohyrax dorsalis	Dendrohyrax	Procaviidae	Hyracoidea	Mammalia	TRUE	FALSE
AB096865.1	9813	Procavia capensis	Procavia	Procaviidae	Hyracoidea	Mammalia	FALSE	FALSE
MW592439.1	9813	Procavia capensis	Procavia	Procaviidae	Hyracoidea	Mammalia	FALSE	FALSE
NC_004919	9813	Procavia capensis	Procavia	Procaviidae	Hyracoidea	Mammalia	TRUE	TRUE
KJ397613.1	48086	Lepus americanus	Lepus	Leporidae	Lagomorpha	Mammalia	FALSE	FALSE
NC_024043	48086	Lepus americanus	Lepus	Leporidae	Lagomorpha	Mammalia	TRUE	FALSE
KJ397607	62618	Lepus arcticus	Lepus	Leporidae	Lagomorpha	Mammalia	FALSE	FALSE
MK948870.1	62618	Lepus arcticus	Lepus	Leporidae	Lagomorpha	Mammalia	FALSE	FALSE
NC_044769.1	62618	Lepus arcticus	Lepus	Leporidae	Lagomorpha	Mammalia	TRUE	FALSE
NC_004028	9983	Lepus europaeus	Lepus	Leporidae	Lagomorpha	Mammalia	TRUE	TRUE
OR915849.1	9983	Lepus europaeus	Lepus	Leporidae	Lagomorpha	Mammalia	FALSE	FALSE
OR939639.1	9983	Lepus europaeus	Lepus	Leporidae	Lagomorpha	Mammalia	FALSE	FALSE
OR939640.1	9983	Lepus europaeus	Lepus	Leporidae	Lagomorpha	Mammalia	FALSE	FALSE
PP553001.1	9983	Lepus europaeus	Lepus	Leporidae	Lagomorpha	Mammalia	FALSE	FALSE
MN296708.1	9986	Oryctolagus cuniculus	Oryctolagus	Leporidae	Lagomorpha	Mammalia	FALSE	FALSE
MN518689.1	9986	Oryctolagus cuniculus	Oryctolagus	Leporidae	Lagomorpha	Mammalia	FALSE	FALSE
MN953621.1	9986	Oryctolagus cuniculus	Oryctolagus	Leporidae	Lagomorpha	Mammalia	FALSE	FALSE
NC_001913	9986	Oryctolagus cuniculus	Oryctolagus	Leporidae	Lagomorpha	Mammalia	TRUE	FALSE
PP357264.1	9986	Oryctolagus cuniculus	Oryctolagus	Leporidae	Lagomorpha	Mammalia	FALSE	FALSE
AF348080.1	134600	Ochotona collaris	Ochotona	Ochotonidae	Lagomorpha	Mammalia	FALSE	FALSE
NC_003033	134600	Ochotona collaris	Ochotona	Ochotonidae	Lagomorpha	Mammalia	TRUE	FALSE
EF535828.1	130825	Ochotona curzoniae	Ochotona	Ochotonidae	Lagomorpha	Mammalia	FALSE	FALSE
NC_011029	130825	Ochotona curzoniae	Ochotona	Ochotonidae	Lagomorpha	Mammalia	TRUE	FALSE
NC_005358	9978	Ochotona princeps	Ochotona	Ochotonidae	Lagomorpha	Mammalia	TRUE	TRUE
KY611394	1970152	Macrauchenia sp. MW-2017	Macrauchenia	Macraucheniidae	Litopterna	Mammalia	TRUE	TRUE
AB096867.1	213657	Elephantulus sp. VB001	Elephantulus	Macroscelididae	Macroscelidea	Mammalia	FALSE	FALSE
NC_004921	213657	Elephantulus sp. VB001	Elephantulus	Macroscelididae	Macroscelidea	Mammalia	TRUE	FALSE
NC_004026	29082	Macroscelides proboscideus	Macroscelides	Macroscelididae	Macroscelidea	Mammalia	TRUE	TRUE
ON675559.1	29082	Macroscelides proboscideus	Macroscelides	Macroscelididae	Macroscelidea	Mammalia	FALSE	FALSE
NC_000891.1	9256	Ornithorhynchus anatinus	Ornithorhynchus	Ornithorhynchidae	Monotremata	Mammalia	TRUE	TRUE
X83427.1	9256	Ornithorhynchus anatinus	Ornithorhynchus	Ornithorhynchidae	Monotremata	Mammalia	FALSE	FALSE
NC_003321.1	9261	Tachyglossus aculeatus	Tachyglossus	Tachyglossidae	Monotremata	Mammalia	TRUE	TRUE
NC_001788	9793	Equus asinus	Equus	Equidae	Perissodactyla	Mammalia	TRUE	TRUE
PP049797.1	9793	Equus asinus	Equus	Equidae	Perissodactyla	Mammalia	FALSE	FALSE
PP049798.1	9793	Equus asinus	Equus	Equidae	Perissodactyla	Mammalia	FALSE	FALSE
PP049799.1	9793	Equus asinus	Equus	Equidae	Perissodactyla	Mammalia	FALSE	FALSE
PP049800.1	9793	Equus asinus	Equus	Equidae	Perissodactyla	Mammalia	FALSE	FALSE
NC_001640	9796	Equus caballus	Equus	Equidae	Perissodactyla	Mammalia	TRUE	FALSE
OM869132.2	9796	Equus caballus	Equus	Equidae	Perissodactyla	Mammalia	FALSE	FALSE
OM869133.2	9796	Equus caballus	Equus	Equidae	Perissodactyla	Mammalia	FALSE	FALSE
OM869134.2	9796	Equus caballus	Equus	Equidae	Perissodactyla	Mammalia	FALSE	FALSE
OM869135.2	9796	Equus caballus	Equus	Equidae	Perissodactyla	Mammalia	FALSE	FALSE
JX312734.1	1225531	Equus ovodovi	Equus	Equidae	Perissodactyla	Mammalia	FALSE	FALSE
KY114520.1	1225531	Equus ovodovi	Equus	Equidae	Perissodactyla	Mammalia	FALSE	FALSE
NC_018783	1225531	Equus ovodovi	Equus	Equidae	Perissodactyla	Mammalia	TRUE	FALSE
AP012270.1	9798	Equus przewalskii	Equus	Equidae	Perissodactyla	Mammalia	FALSE	FALSE
KT221844.1	9798	Equus przewalskii	Equus	Equidae	Perissodactyla	Mammalia	FALSE	FALSE
KT221845.1	9798	Equus przewalskii	Equus	Equidae	Perissodactyla	Mammalia	FALSE	FALSE
NC_024030.1	9798	Equus przewalskii	Equus	Equidae	Perissodactyla	Mammalia	TRUE	FALSE
OQ285861.1	9798	Equus przewalskii	Equus	Equidae	Perissodactyla	Mammalia	FALSE	FALSE
KM881671	216182	Hippidion saldiasi	Hippidion	Equidae	Perissodactyla	Mammalia	TRUE	FALSE
NC_001808	9807	Ceratotherium simum	Ceratotherium	Rhinocerotidae	Perissodactyla	Mammalia	TRUE	FALSE
FJ905813.1	222863	Coelodonta antiquitatis	Coelodonta	Rhinocerotidae	Perissodactyla	Mammalia	FALSE	FALSE
MK909152.1	222863	Coelodonta antiquitatis	Coelodonta	Rhinocerotidae	Perissodactyla	Mammalia	FALSE	FALSE
NC_012681	222863	Coelodonta antiquitatis	Coelodonta	Rhinocerotidae	Perissodactyla	Mammalia	TRUE	FALSE
MF066641.1	89632	Dicerorhinus sumatrensis	Dicerorhinus	Rhinocerotidae	Perissodactyla	Mammalia	FALSE	FALSE
MF066642.1	89632	Dicerorhinus sumatrensis	Dicerorhinus	Rhinocerotidae	Perissodactyla	Mammalia	FALSE	FALSE
MF066643.1	89632	Dicerorhinus sumatrensis	Dicerorhinus	Rhinocerotidae	Perissodactyla	Mammalia	FALSE	FALSE
MK909153.1	89632	Dicerorhinus sumatrensis	Dicerorhinus	Rhinocerotidae	Perissodactyla	Mammalia	FALSE	FALSE
NC_012684	89632	Dicerorhinus sumatrensis	Dicerorhinus	Rhinocerotidae	Perissodactyla	Mammalia	TRUE	FALSE
FJ905814.1	9805	Diceros bicornis	Diceros	Rhinocerotidae	Perissodactyla	Mammalia	FALSE	FALSE
MK909143.1	9805	Diceros bicornis	Diceros	Rhinocerotidae	Perissodactyla	Mammalia	FALSE	FALSE
NC_012682	9805	Diceros bicornis	Diceros	Rhinocerotidae	Perissodactyla	Mammalia	TRUE	TRUE
FJ905815.1	102233	Rhinoceros sondaicus	Rhinoceros	Rhinocerotidae	Perissodactyla	Mammalia	FALSE	FALSE
MK909148.1	102233	Rhinoceros sondaicus	Rhinoceros	Rhinocerotidae	Perissodactyla	Mammalia	FALSE	FALSE
MK909149.1	102233	Rhinoceros sondaicus	Rhinoceros	Rhinocerotidae	Perissodactyla	Mammalia	FALSE	FALSE
NC_012683	102233	Rhinoceros sondaicus	Rhinoceros	Rhinocerotidae	Perissodactyla	Mammalia	TRUE	FALSE
MZ736705.1	9809	Rhinoceros unicornis	Rhinoceros	Rhinocerotidae	Perissodactyla	Mammalia	FALSE	FALSE
MZ736706.1	9809	Rhinoceros unicornis	Rhinoceros	Rhinocerotidae	Perissodactyla	Mammalia	FALSE	FALSE
MZ736707.1	9809	Rhinoceros unicornis	Rhinoceros	Rhinocerotidae	Perissodactyla	Mammalia	FALSE	FALSE
MZ736708.1	9809	Rhinoceros unicornis	Rhinoceros	Rhinocerotidae	Perissodactyla	Mammalia	FALSE	FALSE
NC_001779	9809	Rhinoceros unicornis	Rhinoceros	Rhinocerotidae	Perissodactyla	Mammalia	TRUE	FALSE
KJ417808.1	9802	Tapirus indicus	Tapirus	Tapiridae	Perissodactyla	Mammalia	FALSE	FALSE
KJ417809.1	9802	Tapirus indicus	Tapirus	Tapiridae	Perissodactyla	Mammalia	FALSE	FALSE
KJ417810.1	9802	Tapirus indicus	Tapirus	Tapiridae	Perissodactyla	Mammalia	FALSE	FALSE
NC_023838	9802	Tapirus indicus	Tapirus	Tapiridae	Perissodactyla	Mammalia	TRUE	FALSE
AJ428947	9801	Tapirus terrestris	Tapirus	Tapiridae	Perissodactyla	Mammalia	FALSE	FALSE
MW257204.1	9801	Tapirus terrestris	Tapirus	Tapiridae	Perissodactyla	Mammalia	FALSE	FALSE
NC_053962.1	9801	Tapirus terrestris	Tapirus	Tapiridae	Perissodactyla	Mammalia	TRUE	TRUE
OR257044.1	9974	Manis javanica	Manis	Manidae	Pholidota	Mammalia	FALSE	FALSE
OR257045.1	9974	Manis javanica	Manis	Manidae	Pholidota	Mammalia	FALSE	FALSE
OR257046.1	9974	Manis javanica	Manis	Manidae	Pholidota	Mammalia	FALSE	TRUE
OR257047.1	9974	Manis javanica	Manis	Manidae	Pholidota	Mammalia	TRUE	FALSE
OR257048.1	9974	Manis javanica	Manis	Manidae	Pholidota	Mammalia	FALSE	FALSE
NC_060494.1	143292	Manis pentadactyla	Manis	Manidae	Pholidota	Mammalia	TRUE	FALSE
OR810994.1	143292	Manis pentadactyla	Manis	Manidae	Pholidota	Mammalia	FALSE	FALSE
OR826397.1	143292	Manis pentadactyla	Manis	Manidae	Pholidota	Mammalia	FALSE	FALSE
OR830025.1	143292	Manis pentadactyla	Manis	Manidae	Pholidota	Mammalia	FALSE	FALSE
PQ638513.1	143292	Manis pentadactyla	Manis	Manidae	Pholidota	Mammalia	FALSE	FALSE
MF509825.1	73815	Phataginus tetradactyla	Phataginus	Manidae	Pholidota	Mammalia	FALSE	FALSE
MG196299.1	73815	Phataginus tetradactyla	Phataginus	Manidae	Pholidota	Mammalia	FALSE	FALSE
NC_004027	73815	Phataginus tetradactyla	Phataginus	Manidae	Pholidota	Mammalia	TRUE	FALSE
AY960979.1	9355	Bradypus variegatus	Bradypus	Bradypodidae	Pilosa	Mammalia	FALSE	FALSE
KR336791.1	9355	Bradypus variegatus	Bradypus	Bradypodidae	Pilosa	Mammalia	FALSE	FALSE
KT818526.1	9355	Bradypus variegatus	Bradypus	Bradypodidae	Pilosa	Mammalia	FALSE	FALSE
NC_006923	9355	Bradypus variegatus	Bradypus	Bradypodidae	Pilosa	Mammalia	FALSE	FALSE
NC_028501.1	9355	Bradypus variegatus	Bradypus	Bradypodidae	Pilosa	Mammalia	TRUE	TRUE
AY960980.1	27675	Choloepus didactylus	Choloepus	Megalonychidae	Pilosa	Mammalia	FALSE	FALSE
KR336792.1	27675	Choloepus didactylus	Choloepus	Megalonychidae	Pilosa	Mammalia	FALSE	FALSE
KT818537.1	27675	Choloepus didactylus	Choloepus	Megalonychidae	Pilosa	Mammalia	FALSE	FALSE
NC_006924	27675	Choloepus didactylus	Choloepus	Megalonychidae	Pilosa	Mammalia	TRUE	TRUE
KR336795.1	136416	Nothrotheriops shastensis	Nothrotheriops	Megatheriidae	Pilosa	Mammalia	FALSE	FALSE
MK903502.1	136416	Nothrotheriops shastensis	Nothrotheriops	Megatheriidae	Pilosa	Mammalia	FALSE	FALSE
NC_042753.1	136416	Nothrotheriops shastensis	Nothrotheriops	Megatheriidae	Pilosa	Mammalia	TRUE	TRUE
KR336794.1	48784	Mylodon darwinii	Mylodon	Mylodontidae	Pilosa	Mammalia	FALSE	FALSE
MF061314.1	48784	Mylodon darwinii	Mylodon	Mylodontidae	Pilosa	Mammalia	FALSE	FALSE
MK903500.1	48784	Mylodon darwinii	Mylodon	Mylodontidae	Pilosa	Mammalia	FALSE	FALSE
MK903501.1	48784	Mylodon darwinii	Mylodon	Mylodontidae	Pilosa	Mammalia	FALSE	FALSE
NC_037941.1	48784	Mylodon darwinii	Mylodon	Mylodontidae	Pilosa	Mammalia	TRUE	TRUE
KT818549.1	71006	Myrmecophaga tridactyla	Myrmecophaga	Myrmecophagidae	Pilosa	Mammalia	FALSE	FALSE
MH142215.1	71006	Myrmecophaga tridactyla	Myrmecophaga	Myrmecophagidae	Pilosa	Mammalia	FALSE	FALSE
NC_028572.1	71006	Myrmecophaga tridactyla	Myrmecophaga	Myrmecophagidae	Pilosa	Mammalia	TRUE	FALSE
KT818552.1	48850	Tamandua tetradactyla	Tamandua	Myrmecophagidae	Pilosa	Mammalia	FALSE	FALSE
NC_004032	48850	Tamandua tetradactyla	Tamandua	Myrmecophagidae	Pilosa	Mammalia	TRUE	TRUE
NC_002763	9514	Cebus albifrons	Cebus	Cebidae	Primates	Mammalia	TRUE	TRUE
OM328895.1	9514	Cebus albifrons	Cebus	Cebidae	Primates	Mammalia	FALSE	FALSE
OM328922.1	9514	Cebus albifrons	Cebus	Cebidae	Primates	Mammalia	FALSE	FALSE
OM329038.1	9514	Cebus albifrons	Cebus	Cebidae	Primates	Mammalia	FALSE	FALSE
OR689234.1	9514	Cebus albifrons	Cebus	Cebidae	Primates	Mammalia	FALSE	FALSE
AY863426.1	9534	Chlorocebus aethiops	Chlorocebus	Cercopithecidae	Primates	Mammalia	FALSE	FALSE
KU682691.1	9534	Chlorocebus aethiops	Chlorocebus	Cercopithecidae	Primates	Mammalia	FALSE	FALSE
MN816163.1	9534	Chlorocebus aethiops	Chlorocebus	Cercopithecidae	Primates	Mammalia	FALSE	FALSE
NC_007009	9534	Chlorocebus aethiops	Chlorocebus	Cercopithecidae	Primates	Mammalia	TRUE	TRUE
KU682694.1	60710	Chlorocebus pygerythrus	Chlorocebus	Cercopithecidae	Primates	Mammalia	FALSE	FALSE
KU682696.1	60710	Chlorocebus pygerythrus	Chlorocebus	Cercopithecidae	Primates	Mammalia	FALSE	FALSE
KU682698.1	60710	Chlorocebus pygerythrus	Chlorocebus	Cercopithecidae	Primates	Mammalia	FALSE	FALSE
MT481926.1	60710	Chlorocebus pygerythrus	Chlorocebus	Cercopithecidae	Primates	Mammalia	FALSE	FALSE
NC_009747	60710	Chlorocebus pygerythrus	Chlorocebus	Cercopithecidae	Primates	Mammalia	TRUE	FALSE
DQ069713.1	60711	Chlorocebus sabaeus	Chlorocebus	Cercopithecidae	Primates	Mammalia	FALSE	FALSE
EF597503.1	60711	Chlorocebus sabaeus	Chlorocebus	Cercopithecidae	Primates	Mammalia	FALSE	FALSE
KU682697.1	60711	Chlorocebus sabaeus	Chlorocebus	Cercopithecidae	Primates	Mammalia	FALSE	FALSE
NC_008066	60711	Chlorocebus sabaeus	Chlorocebus	Cercopithecidae	Primates	Mammalia	TRUE	FALSE
EF597502.1	60712	Chlorocebus tantalus	Chlorocebus	Cercopithecidae	Primates	Mammalia	FALSE	FALSE
KU682699.1	60712	Chlorocebus tantalus	Chlorocebus	Cercopithecidae	Primates	Mammalia	FALSE	FALSE
KU682700.1	60712	Chlorocebus tantalus	Chlorocebus	Cercopithecidae	Primates	Mammalia	FALSE	FALSE
NC_009748	60712	Chlorocebus tantalus	Chlorocebus	Cercopithecidae	Primates	Mammalia	TRUE	FALSE
AY863427.1	33548	Colobus guereza	Colobus	Cercopithecidae	Primates	Mammalia	FALSE	FALSE
NC_006901	33548	Colobus guereza	Colobus	Cercopithecidae	Primates	Mammalia	TRUE	FALSE
CP141340.1	9541	Macaca fascicularis	Macaca	Cercopithecidae	Primates	Mammalia	FALSE	FALSE
NC_012670	9541	Macaca fascicularis	Macaca	Cercopithecidae	Primates	Mammalia	TRUE	FALSE
OQ199574.1	9541	Macaca fascicularis	Macaca	Cercopithecidae	Primates	Mammalia	FALSE	FALSE
OQ199747.1	9541	Macaca fascicularis	Macaca	Cercopithecidae	Primates	Mammalia	FALSE	FALSE
OQ199748.1	9541	Macaca fascicularis	Macaca	Cercopithecidae	Primates	Mammalia	FALSE	FALSE
NC_005943	9544	Macaca mulatta	Macaca	Cercopithecidae	Primates	Mammalia	FALSE	FALSE
NC_037466.1	9544	Macaca mulatta	Macaca	Cercopithecidae	Primates	Mammalia	TRUE	FALSE
OQ199744.1	9544	Macaca mulatta	Macaca	Cercopithecidae	Primates	Mammalia	FALSE	FALSE
OQ199745.1	9544	Macaca mulatta	Macaca	Cercopithecidae	Primates	Mammalia	FALSE	FALSE
OQ199746.1	9544	Macaca mulatta	Macaca	Cercopithecidae	Primates	Mammalia	FALSE	FALSE
KJ567054.1	9546	Macaca sylvanus	Macaca	Cercopithecidae	Primates	Mammalia	FALSE	FALSE
NC_002764	9546	Macaca sylvanus	Macaca	Cercopithecidae	Primates	Mammalia	TRUE	FALSE
EU294187.1	54602	Macaca thibetana	Macaca	Cercopithecidae	Primates	Mammalia	FALSE	FALSE
KJ567056.1	54602	Macaca thibetana	Macaca	Cercopithecidae	Primates	Mammalia	FALSE	FALSE
NC_011519	54602	Macaca thibetana	Macaca	Cercopithecidae	Primates	Mammalia	TRUE	FALSE
OQ199569.1	54602	Macaca thibetana	Macaca	Cercopithecidae	Primates	Mammalia	FALSE	FALSE
DQ355298.1	43780	Nasalis larvatus	Nasalis	Cercopithecidae	Primates	Mammalia	FALSE	FALSE
JF293094.1	43780	Nasalis larvatus	Nasalis	Cercopithecidae	Primates	Mammalia	FALSE	FALSE
KM889667.1	43780	Nasalis larvatus	Nasalis	Cercopithecidae	Primates	Mammalia	FALSE	FALSE
NC_008216	43780	Nasalis larvatus	Nasalis	Cercopithecidae	Primates	Mammalia	TRUE	FALSE
NC_001992	9557	Papio hamadryas	Papio	Cercopithecidae	Primates	Mammalia	TRUE	FALSE
NC_061413.1	9557	Papio hamadryas	Papio	Cercopithecidae	Primates	Mammalia	FALSE	FALSE
OQ538085.1	9557	Papio hamadryas	Papio	Cercopithecidae	Primates	Mammalia	FALSE	FALSE
OQ538086.1	9557	Papio hamadryas	Papio	Cercopithecidae	Primates	Mammalia	FALSE	FALSE
OQ538089.1	9557	Papio hamadryas	Papio	Cercopithecidae	Primates	Mammalia	FALSE	FALSE
DQ355301.1	164648	Piliocolobus badius	Piliocolobus	Cercopithecidae	Primates	Mammalia	FALSE	FALSE
NC_008219	164648	Piliocolobus badius	Piliocolobus	Cercopithecidae	Primates	Mammalia	TRUE	FALSE
DQ355299.1	78451	Presbytis melalophos	Presbytis	Cercopithecidae	Primates	Mammalia	FALSE	FALSE
KY117601.1	78451	Presbytis melalophos	Presbytis	Cercopithecidae	Primates	Mammalia	FALSE	FALSE
KY117602.1	78451	Presbytis melalophos	Presbytis	Cercopithecidae	Primates	Mammalia	FALSE	FALSE
NC_008217	78451	Presbytis melalophos	Presbytis	Cercopithecidae	Primates	Mammalia	TRUE	FALSE
DQ355302.1	54133	Pygathrix nemaeus	Pygathrix	Cercopithecidae	Primates	Mammalia	FALSE	FALSE
JF293096.1	54133	Pygathrix nemaeus	Pygathrix	Cercopithecidae	Primates	Mammalia	FALSE	FALSE
NC_008220	54133	Pygathrix nemaeus	Pygathrix	Cercopithecidae	Primates	Mammalia	TRUE	FALSE
DQ355300.1	61622	Rhinopithecus roxellana	Rhinopithecus	Cercopithecidae	Primates	Mammalia	FALSE	FALSE
JQ821835.1	61622	Rhinopithecus roxellana	Rhinopithecus	Cercopithecidae	Primates	Mammalia	FALSE	FALSE
KM504390.1	61622	Rhinopithecus roxellana	Rhinopithecus	Cercopithecidae	Primates	Mammalia	FALSE	FALSE
NC_008218	61622	Rhinopithecus roxellana	Rhinopithecus	Cercopithecidae	Primates	Mammalia	TRUE	FALSE
DQ355297.1	88029	Semnopithecus entellus	Semnopithecus	Cercopithecidae	Primates	Mammalia	FALSE	FALSE
NC_008215	88029	Semnopithecus entellus	Semnopithecus	Cercopithecidae	Primates	Mammalia	TRUE	FALSE
AY863425.1	54181	Trachypithecus obscurus	Trachypithecus	Cercopithecidae	Primates	Mammalia	FALSE	FALSE
MF872234.1	54181	Trachypithecus obscurus	Trachypithecus	Cercopithecidae	Primates	Mammalia	FALSE	FALSE
NC_006900	54181	Trachypithecus obscurus	Trachypithecus	Cercopithecidae	Primates	Mammalia	TRUE	FALSE
KJ944214.1	31869	Daubentonia madagascariensis	Daubentonia	Daubentoniidae	Primates	Mammalia	FALSE	FALSE
KJ944252.1	31869	Daubentonia madagascariensis	Daubentonia	Daubentoniidae	Primates	Mammalia	FALSE	FALSE
KJ944253.1	31869	Daubentonia madagascariensis	Daubentonia	Daubentoniidae	Primates	Mammalia	FALSE	FALSE
KJ944254.1	31869	Daubentonia madagascariensis	Daubentonia	Daubentoniidae	Primates	Mammalia	FALSE	FALSE
NC_010299	31869	Daubentonia madagascariensis	Daubentonia	Daubentoniidae	Primates	Mammalia	TRUE	TRUE
D38114.1	9593	Gorilla gorilla	Gorilla	Hominidae	Primates	Mammalia	FALSE	FALSE
KF914214.1	9593	Gorilla gorilla	Gorilla	Hominidae	Primates	Mammalia	FALSE	FALSE
NC_001645	9593	Gorilla gorilla	Gorilla	Hominidae	Primates	Mammalia	TRUE	FALSE
NC_011120	9593	Gorilla gorilla	Gorilla	Hominidae	Primates	Mammalia	FALSE	FALSE
NC_011120.1	9593	Gorilla gorilla	Gorilla	Hominidae	Primates	Mammalia	FALSE	TRUE
X93347.1	9593	Gorilla gorilla	Gorilla	Hominidae	Primates	Mammalia	FALSE	FALSE
MT576650.1	9606	Homo sapiens	Homo	Hominidae	Primates	Mammalia	FALSE	FALSE
MT677921.1	9606	Homo sapiens	Homo	Hominidae	Primates	Mammalia	FALSE	FALSE
MT921957.1	9606	Homo sapiens	Homo	Hominidae	Primates	Mammalia	FALSE	FALSE
NC_001807	9606	Homo sapiens	Homo	Hominidae	Primates	Mammalia	TRUE	FALSE
NC_011137	9606	Homo sapiens	Homo	Hominidae	Primates	Mammalia	FALSE	FALSE
OM062614.1	9606	Homo sapiens	Homo	Hominidae	Primates	Mammalia	FALSE	FALSE
PQ468426.1	9606	Homo sapiens	Homo	Hominidae	Primates	Mammalia	FALSE	FALSE
PQ468427.1	9606	Homo sapiens	Homo	Hominidae	Primates	Mammalia	FALSE	FALSE
PQ468428.1	9606	Homo sapiens	Homo	Hominidae	Primates	Mammalia	FALSE	FALSE
PQ468429.1	9606	Homo sapiens	Homo	Hominidae	Primates	Mammalia	FALSE	FALSE
JF727228.2	9597	Pan paniscus	Pan	Hominidae	Primates	Mammalia	FALSE	FALSE
JF727231.3	9597	Pan paniscus	Pan	Hominidae	Primates	Mammalia	FALSE	FALSE
JF727232.2	9597	Pan paniscus	Pan	Hominidae	Primates	Mammalia	FALSE	FALSE
JF727238.2	9597	Pan paniscus	Pan	Hominidae	Primates	Mammalia	FALSE	FALSE
NC_001644	9597	Pan paniscus	Pan	Hominidae	Primates	Mammalia	TRUE	FALSE
JF727210.3	9598	Pan troglodytes	Pan	Hominidae	Primates	Mammalia	FALSE	FALSE
JF727211.2	9598	Pan troglodytes	Pan	Hominidae	Primates	Mammalia	FALSE	FALSE
JF727212.2	9598	Pan troglodytes	Pan	Hominidae	Primates	Mammalia	FALSE	FALSE
JF727217.3	9598	Pan troglodytes	Pan	Hominidae	Primates	Mammalia	FALSE	FALSE
NC_001643	9598	Pan troglodytes	Pan	Hominidae	Primates	Mammalia	TRUE	FALSE
NC_002083	9601	Pongo abelii	Pongo	Hominidae	Primates	Mammalia	TRUE	FALSE
NC_001646	9600	Pongo pygmaeus	Pongo	Hominidae	Primates	Mammalia	TRUE	FALSE
HQ622766.1	9580	Hylobates lar	Hylobates	Hylobatidae	Primates	Mammalia	FALSE	FALSE
HQ622771.1	9580	Hylobates lar	Hylobates	Hylobatidae	Primates	Mammalia	FALSE	FALSE
HQ622775.1	9580	Hylobates lar	Hylobates	Hylobatidae	Primates	Mammalia	FALSE	FALSE
HQ622776.1	9580	Hylobates lar	Hylobates	Hylobatidae	Primates	Mammalia	FALSE	FALSE
NC_002082	9580	Hylobates lar	Hylobates	Hylobatidae	Primates	Mammalia	TRUE	TRUE
NC_011053	379532	Propithecus coquereli	Propithecus	Indriidae	Primates	Mammalia	TRUE	TRUE
OM650090.1	379532	Propithecus coquereli	Propithecus	Indriidae	Primates	Mammalia	FALSE	FALSE
OM650091.1	379532	Propithecus coquereli	Propithecus	Indriidae	Primates	Mammalia	FALSE	FALSE
OM650092.1	379532	Propithecus coquereli	Propithecus	Indriidae	Primates	Mammalia	FALSE	FALSE
OM650094.1	379532	Propithecus coquereli	Propithecus	Indriidae	Primates	Mammalia	FALSE	FALSE
NC_010300	34828	Eulemur mongoz	Eulemur	Lemuridae	Primates	Mammalia	TRUE	FALSE
KJ944217.1	9447	Lemur catta	Lemur	Lemuridae	Primates	Mammalia	FALSE	FALSE
KJ944227.1	9447	Lemur catta	Lemur	Lemuridae	Primates	Mammalia	FALSE	FALSE
KJ944228.1	9447	Lemur catta	Lemur	Lemuridae	Primates	Mammalia	FALSE	FALSE
NC_004025	9447	Lemur catta	Lemur	Lemuridae	Primates	Mammalia	FALSE	FALSE
NC_059325.1	9447	Lemur catta	Lemur	Lemuridae	Primates	Mammalia	TRUE	TRUE
MG515246.1	9470	Nycticebus coucang	Nycticebus	Lorisidae	Primates	Mammalia	FALSE	FALSE
NC_002765	9470	Nycticebus coucang	Nycticebus	Lorisidae	Primates	Mammalia	TRUE	TRUE
NC_040292.1	9470	Nycticebus coucang	Nycticebus	Lorisidae	Primates	Mammalia	FALSE	FALSE
AF348159.1	9477	Cephalopachus bancanus	Cephalopachus	Tarsiidae	Primates	Mammalia	FALSE	FALSE
NC_002811	9477	Cephalopachus bancanus	Cephalopachus	Tarsiidae	Primates	Mammalia	TRUE	TRUE
DQ316068.1	9783	Elephas maximus	Elephas	Elephantidae	Proboscidea	Mammalia	FALSE	FALSE
EF588275.2	9783	Elephas maximus	Elephas	Elephantidae	Proboscidea	Mammalia	FALSE	FALSE
NC_005129	9783	Elephas maximus	Elephas	Elephantidae	Proboscidea	Mammalia	TRUE	TRUE
OL628830.1	9783	Elephas maximus	Elephas	Elephantidae	Proboscidea	Mammalia	FALSE	FALSE
OP575307.1	9783	Elephas maximus	Elephas	Elephantidae	Proboscidea	Mammalia	FALSE	FALSE
DQ316069.1	9785	Loxodonta africana	Loxodonta	Elephantidae	Proboscidea	Mammalia	FALSE	FALSE
KY616974.1	9785	Loxodonta africana	Loxodonta	Elephantidae	Proboscidea	Mammalia	FALSE	FALSE
KY616977.1	9785	Loxodonta africana	Loxodonta	Elephantidae	Proboscidea	Mammalia	FALSE	FALSE
KY616982.1	9785	Loxodonta africana	Loxodonta	Elephantidae	Proboscidea	Mammalia	FALSE	FALSE
NC_000934	9785	Loxodonta africana	Loxodonta	Elephantidae	Proboscidea	Mammalia	TRUE	FALSE
KY364233.1	39053	Mammut americanum	Mammut	Elephantidae	Proboscidea	Mammalia	FALSE	FALSE
NC_009574	39053	Mammut americanum	Mammut	Elephantidae	Proboscidea	Mammalia	FALSE	FALSE
NC_035800.1	39053	Mammut americanum	Mammut	Elephantidae	Proboscidea	Mammalia	TRUE	FALSE
OP414586.1	39053	Mammut americanum	Mammut	Elephantidae	Proboscidea	Mammalia	FALSE	FALSE
OP414587.1	39053	Mammut americanum	Mammut	Elephantidae	Proboscidea	Mammalia	FALSE	FALSE
JF912199.1	1027716	Mammuthus columbi	Mammuthus	Elephantidae	Proboscidea	Mammalia	FALSE	FALSE
NC_015529.1	1027716	Mammuthus columbi	Mammuthus	Elephantidae	Proboscidea	Mammalia	TRUE	FALSE
MW528250.1	37349	Mammuthus primigenius	Mammuthus	Elephantidae	Proboscidea	Mammalia	FALSE	FALSE
MW528257.1	37349	Mammuthus primigenius	Mammuthus	Elephantidae	Proboscidea	Mammalia	FALSE	FALSE
MW528259.1	37349	Mammuthus primigenius	Mammuthus	Elephantidae	Proboscidea	Mammalia	FALSE	FALSE
MZ325504.1	37349	Mammuthus primigenius	Mammuthus	Elephantidae	Proboscidea	Mammalia	FALSE	FALSE
NC_007596	37349	Mammuthus primigenius	Mammuthus	Elephantidae	Proboscidea	Mammalia	TRUE	FALSE
NC_009056	359030	Anomalurus sp. GP-2005	Anomalurus	Anomaluridae	Rodentia	Mammalia	TRUE	TRUE
KY311838.1	51338	Castor canadensis	Castor	Castoridae	Rodentia	Mammalia	FALSE	FALSE
KY321562.1	51338	Castor canadensis	Castor	Castoridae	Rodentia	Mammalia	FALSE	FALSE
NC_033912	51338	Castor canadensis	Castor	Castoridae	Rodentia	Mammalia	TRUE	FALSE
FR691686	10185	Castor fiber	Castor	Castoridae	Rodentia	Mammalia	FALSE	FALSE
OQ076901.1	10185	Castor fiber	Castor	Castoridae	Rodentia	Mammalia	FALSE	TRUE
OQ731787.1	10185	Castor fiber	Castor	Castoridae	Rodentia	Mammalia	TRUE	FALSE
PQ325572.1	10185	Castor fiber	Castor	Castoridae	Rodentia	Mammalia	FALSE	FALSE
KP100656.1	10141	Cavia porcellus	Cavia	Caviidae	Rodentia	Mammalia	FALSE	FALSE
MT017565.1	10141	Cavia porcellus	Cavia	Caviidae	Rodentia	Mammalia	FALSE	FALSE
NC_000884	10141	Cavia porcellus	Cavia	Caviidae	Rodentia	Mammalia	TRUE	TRUE
AF348082.1	100899	Alexandromys kikuchii	Alexandromys	Cricetidae	Rodentia	Mammalia	FALSE	FALSE
NC_003041	100899	Alexandromys kikuchii	Alexandromys	Cricetidae	Rodentia	Mammalia	TRUE	FALSE
DQ390542.2	10029	Cricetulus griseus	Cricetulus	Cricetidae	Rodentia	Mammalia	FALSE	FALSE
EU660217.1	10029	Cricetulus griseus	Cricetulus	Cricetidae	Rodentia	Mammalia	FALSE	FALSE
KX576660.1	10029	Cricetulus griseus	Cricetulus	Cricetidae	Rodentia	Mammalia	FALSE	FALSE
NC_007936	10029	Cricetulus griseus	Cricetulus	Cricetidae	Rodentia	Mammalia	TRUE	TRUE
MN792985.1	85953	Dicrostonyx groenlandicus	Dicrostonyx	Cricetidae	Rodentia	Mammalia	FALSE	FALSE
MN792986.1	85953	Dicrostonyx groenlandicus	Dicrostonyx	Cricetidae	Rodentia	Mammalia	FALSE	FALSE
MN792987.1	85953	Dicrostonyx groenlandicus	Dicrostonyx	Cricetidae	Rodentia	Mammalia	FALSE	FALSE
MN792988.1	85953	Dicrostonyx groenlandicus	Dicrostonyx	Cricetidae	Rodentia	Mammalia	FALSE	FALSE
NC_034313	85953	Dicrostonyx groenlandicus	Dicrostonyx	Cricetidae	Rodentia	Mammalia	TRUE	FALSE
KX066190.1	85952	Dicrostonyx torquatus	Dicrostonyx	Cricetidae	Rodentia	Mammalia	FALSE	FALSE
MN792982.1	85952	Dicrostonyx torquatus	Dicrostonyx	Cricetidae	Rodentia	Mammalia	FALSE	FALSE
MN792983.1	85952	Dicrostonyx torquatus	Dicrostonyx	Cricetidae	Rodentia	Mammalia	FALSE	FALSE
MW401673.1	85952	Dicrostonyx torquatus	Dicrostonyx	Cricetidae	Rodentia	Mammalia	FALSE	FALSE
NC_034646	85952	Dicrostonyx torquatus	Dicrostonyx	Cricetidae	Rodentia	Mammalia	TRUE	FALSE
DQ015676.1	537919	Microtus rossiaemeridionalis	Microtus	Cricetidae	Rodentia	Mammalia	FALSE	FALSE
NC_008064	537919	Microtus rossiaemeridionalis	Microtus	Cricetidae	Rodentia	Mammalia	TRUE	FALSE
BK010700.1	10041	Peromyscus leucopus	Peromyscus	Cricetidae	Rodentia	Mammalia	FALSE	FALSE
JN181159	10041	Peromyscus leucopus	Peromyscus	Cricetidae	Rodentia	Mammalia	FALSE	FALSE
MG674648.1	10041	Peromyscus leucopus	Peromyscus	Cricetidae	Rodentia	Mammalia	FALSE	FALSE
MH256659.1	10041	Peromyscus leucopus	Peromyscus	Cricetidae	Rodentia	Mammalia	FALSE	FALSE
NC_037180.1	10041	Peromyscus leucopus	Peromyscus	Cricetidae	Rodentia	Mammalia	TRUE	FALSE
NC_005314	51337	Jaculus jaculus	Jaculus	Dipodidae	Rodentia	Mammalia	TRUE	TRUE
NC_001892	41261	Glis glis	Glis	Gliridae	Rodentia	Mammalia	TRUE	TRUE
PQ533847.1	41261	Glis glis	Glis	Gliridae	Rodentia	Mammalia	FALSE	FALSE
PQ533848.1	41261	Glis glis	Glis	Gliridae	Rodentia	Mammalia	FALSE	FALSE
AY675564.1	10090	Mus musculus	Mus	Muridae	Rodentia	Mammalia	FALSE	FALSE
EF108345.1	10090	Mus musculus	Mus	Muridae	Rodentia	Mammalia	FALSE	FALSE
LC772961.1	10090	Mus musculus	Mus	Muridae	Rodentia	Mammalia	FALSE	FALSE
LC772962.1	10090	Mus musculus	Mus	Muridae	Rodentia	Mammalia	FALSE	FALSE
LC772963.1	10090	Mus musculus	Mus	Muridae	Rodentia	Mammalia	FALSE	FALSE
LC772964.1	10090	Mus musculus	Mus	Muridae	Rodentia	Mammalia	FALSE	FALSE
NC_005089	10090	Mus musculus	Mus	Muridae	Rodentia	Mammalia	FALSE	FALSE
NC_006914	10090	Mus musculus	Mus	Muridae	Rodentia	Mammalia	TRUE	FALSE
NC_006915	10090	Mus musculus	Mus	Muridae	Rodentia	Mammalia	FALSE	TRUE
NC_010339	10090	Mus musculus	Mus	Muridae	Rodentia	Mammalia	FALSE	FALSE
NC_012387	10090	Mus musculus	Mus	Muridae	Rodentia	Mammalia	FALSE	FALSE
OR840718.1	10090	Mus musculus	Mus	Muridae	Rodentia	Mammalia	FALSE	FALSE
OR840719.1	10090	Mus musculus	Mus	Muridae	Rodentia	Mammalia	FALSE	FALSE
OR840720.1	10090	Mus musculus	Mus	Muridae	Rodentia	Mammalia	FALSE	FALSE
OR840721.1	10090	Mus musculus	Mus	Muridae	Rodentia	Mammalia	FALSE	FALSE
OR840776.1	10090	Mus musculus	Mus	Muridae	Rodentia	Mammalia	FALSE	FALSE
OR840777.1	10090	Mus musculus	Mus	Muridae	Rodentia	Mammalia	FALSE	FALSE
OR840778.1	10090	Mus musculus	Mus	Muridae	Rodentia	Mammalia	FALSE	FALSE
OR840779.1	10090	Mus musculus	Mus	Muridae	Rodentia	Mammalia	FALSE	FALSE
OR840813.1	10090	Mus musculus	Mus	Muridae	Rodentia	Mammalia	FALSE	FALSE
OR840814.1	10090	Mus musculus	Mus	Muridae	Rodentia	Mammalia	FALSE	FALSE
OR840815.1	10090	Mus musculus	Mus	Muridae	Rodentia	Mammalia	FALSE	FALSE
OR840816.1	10090	Mus musculus	Mus	Muridae	Rodentia	Mammalia	FALSE	FALSE
EU352649.1	254704	Mus terricolor	Mus	Muridae	Rodentia	Mammalia	FALSE	FALSE
KY018920.1	254704	Mus terricolor	Mus	Muridae	Rodentia	Mammalia	FALSE	FALSE
NC_010650	254704	Mus terricolor	Mus	Muridae	Rodentia	Mammalia	TRUE	FALSE
NC_012389	34854	Rattus exulans	Rattus	Muridae	Rodentia	Mammalia	TRUE	FALSE
OM908899.1	34854	Rattus exulans	Rattus	Muridae	Rodentia	Mammalia	FALSE	FALSE
OM908900.1	34854	Rattus exulans	Rattus	Muridae	Rodentia	Mammalia	FALSE	FALSE
OM908901.1	34854	Rattus exulans	Rattus	Muridae	Rodentia	Mammalia	FALSE	FALSE
OM908902.1	34854	Rattus exulans	Rattus	Muridae	Rodentia	Mammalia	FALSE	FALSE
AY769440.1	10116	Rattus norvegicus	Rattus	Muridae	Rodentia	Mammalia	FALSE	FALSE
HM152028.1	10116	Rattus norvegicus	Rattus	Muridae	Rodentia	Mammalia	FALSE	FALSE
MW209726.1	10116	Rattus norvegicus	Rattus	Muridae	Rodentia	Mammalia	FALSE	FALSE
MZ014548.1	10116	Rattus norvegicus	Rattus	Muridae	Rodentia	Mammalia	FALSE	FALSE
NC_001665	10116	Rattus norvegicus	Rattus	Muridae	Rodentia	Mammalia	TRUE	FALSE
EU273708.1	349711	Rattus praetor	Rattus	Muridae	Rodentia	Mammalia	FALSE	FALSE
NC_012461	349711	Rattus praetor	Rattus	Muridae	Rodentia	Mammalia	TRUE	FALSE
NC_012374	10117	Rattus rattus	Rattus	Muridae	Rodentia	Mammalia	TRUE	FALSE
OM574967.1	10117	Rattus rattus	Rattus	Muridae	Rodentia	Mammalia	FALSE	FALSE
OM574968.1	10117	Rattus rattus	Rattus	Muridae	Rodentia	Mammalia	FALSE	FALSE
OM574969.1	10117	Rattus rattus	Rattus	Muridae	Rodentia	Mammalia	FALSE	FALSE
OM574970.1	10117	Rattus rattus	Rattus	Muridae	Rodentia	Mammalia	FALSE	FALSE
EU273712.1	35732	Rattus tanezumi	Rattus	Muridae	Rodentia	Mammalia	FALSE	FALSE
KU200226.1	35732	Rattus tanezumi	Rattus	Muridae	Rodentia	Mammalia	FALSE	FALSE
MN126566.1	35732	Rattus tanezumi	Rattus	Muridae	Rodentia	Mammalia	FALSE	FALSE
NC_011638	35732	Rattus tanezumi	Rattus	Muridae	Rodentia	Mammalia	TRUE	FALSE
OK054583.1	35732	Rattus tanezumi	Rattus	Muridae	Rodentia	Mammalia	FALSE	FALSE
MN122844.1	55149	Sciurus vulgaris	Sciurus	Sciuridae	Rodentia	Mammalia	FALSE	FALSE
MN122875.1	55149	Sciurus vulgaris	Sciurus	Sciuridae	Rodentia	Mammalia	FALSE	FALSE
MT211956.1	55149	Sciurus vulgaris	Sciurus	Sciuridae	Rodentia	Mammalia	FALSE	FALSE
NC_002369	55149	Sciurus vulgaris	Sciurus	Sciuridae	Rodentia	Mammalia	TRUE	TRUE
ON620291.1	55149	Sciurus vulgaris	Sciurus	Sciuridae	Rodentia	Mammalia	FALSE	FALSE
NC_005315	30637	Nannospalax ehrenbergi	Nannospalax	Spalacidae	Rodentia	Mammalia	TRUE	TRUE
LC820549.1	10169	Thryonomys swinderianus	Thryonomys	Thryonomyidae	Rodentia	Mammalia	FALSE	FALSE
NC_002658	10169	Thryonomys swinderianus	Thryonomys	Thryonomyidae	Rodentia	Mammalia	TRUE	TRUE
JN800722.1	37347	Tupaia belangeri	Tupaia	Tupaiidae	Scandentia	Mammalia	FALSE	FALSE
JN800723.1	37347	Tupaia belangeri	Tupaia	Tupaiidae	Scandentia	Mammalia	FALSE	FALSE
JN800724.1	37347	Tupaia belangeri	Tupaia	Tupaiidae	Scandentia	Mammalia	FALSE	FALSE
NC_002521	37347	Tupaia belangeri	Tupaia	Tupaiidae	Scandentia	Mammalia	TRUE	TRUE
OP210313.1	37347	Tupaia belangeri	Tupaia	Tupaiidae	Scandentia	Mammalia	FALSE	FALSE
AY075116.1	29137	Dugong dugon	Dugong	Dugongidae	Sirenia	Mammalia	FALSE	FALSE
NC_003314	29137	Dugong dugon	Dugong	Dugongidae	Sirenia	Mammalia	TRUE	TRUE
PP134992.1	29137	Dugong dugon	Dugong	Dugongidae	Sirenia	Mammalia	FALSE	FALSE
MN105083.1	9778	Trichechus manatus	Trichechus	Trichechidae	Sirenia	Mammalia	FALSE	FALSE
MW073828.1	9778	Trichechus manatus	Trichechus	Trichechidae	Sirenia	Mammalia	FALSE	FALSE
NC_010302	9778	Trichechus manatus	Trichechus	Trichechidae	Sirenia	Mammalia	TRUE	TRUE
NC_002078	9818	Orycteropus afer	Orycteropus	Orycteropodidae	Tubulidentata	Mammalia	TRUE	TRUE
NC_002078.1	9818	Orycteropus afer	Orycteropus	Orycteropodidae	Tubulidentata	Mammalia	FALSE	FALSE
